year,month,day,dep_time,dep_delay,arr_time,arr_delay,carrier,tailnum,flight,origin,dest,air_time,distance,hour,minute
2013,6,30,940,15,1216,-4,VX,N626VA,407,JFK,LAX,313,2475,9,40
2013,5,7,1657,-3,2104,10,DL,N3760C,329,JFK,SJU,216,1598,16,57
2013,12,8,859,-1,1238,11,DL,N712TW,422,JFK,LAX,376,2475,8,59
2013,5,14,1841,-4,2122,-34,DL,N914DL,2391,JFK,TPA,135,1005,18,41
2013,7,21,1102,-3,1230,-8,9E,N823AY,3652,LGA,ORF,50,296,11,2
2013,1,1,1817,-3,2008,3,AA,N3AXAA,353,LGA,ORD,138,733,18,17
2013,12,9,1259,14,1617,22,WN,N218WN,1428,EWR,HOU,240,1411,12,59
2013,8,13,1920,85,2032,71,B6,N284JB,1407,JFK,IAD,48,228,19,20
2013,9,26,725,-10,1027,-8,AA,N3FSAA,2279,LGA,MIA,148,1096,7,25
2013,4,30,1323,62,1549,60,EV,N12163,4162,EWR,JAX,110,820,13,23
2013,6,17,940,5,1050,-4,B6,N351JB,20,JFK,ROC,50,264,9,40
2013,11,22,1320,5,1628,-2,B6,N526JB,1639,LGA,RSW,161,1080,13,20
2013,4,26,809,-2,1030,22,EV,N16559,5790,EWR,DAY,87,533,8,9
2013,3,25,2054,115,2256,91,FL,N919AT,645,LGA,ATL,104,762,20,54
2013,10,21,1217,-4,1322,-6,B6,N192JB,34,JFK,BTV,46,266,12,17
2013,1,23,2024,37,2141,29,EV,N17115,4412,EWR,BUF,53,282,20,24
2013,2,8,644,-1,817,20,EV,N14916,4241,EWR,DCA,45,199,6,44
2013,8,5,757,-3,1041,-23,DL,N380DA,1271,JFK,FLL,131,1069,7,57
2013,10,21,859,-1,1036,11,UA,N57852,1030,EWR,ORD,121,719,8,59
2013,8,18,1638,8,1942,-17,VX,N849VA,27,JFK,SFO,334,2586,16,38
2013,11,5,1126,11,1257,5,EV,N600QX,5273,LGA,PIT,58,335,11,26
2013,1,15,1626,-3,1941,10,B6,N594JB,369,LGA,PBI,150,1035,16,26
2013,2,1,729,9,1018,-5,UA,N36247,1724,EWR,PBI,154,1023,7,29
2013,7,7,2310,105,201,127,B6,N506JB,97,JFK,DEN,223,1626,23,10
2013,1,17,626,-4,846,3,US,N554UW,1433,LGA,CLT,105,544,6,26
2013,8,16,1251,-4,1433,-7,MQ,N720MQ,3388,LGA,CMH,83,479,12,51
2013,12,7,1154,-6,1356,-4,US,N122US,725,JFK,CLT,101,541,11,54
2013,4,24,2253,123,5,101,EV,N14562,3852,EWR,BUF,53,282,22,53
2013,6,8,1839,-1,2120,-12,DL,N3751B,1629,JFK,LAS,319,2248,18,39
2013,10,8,821,-8,1007,-22,MQ,N528MQ,3478,LGA,DTW,77,502,8,21
2013,11,1,1058,-2,1227,-23,WN,N266WN,1341,LGA,BNA,124,764,10,58
2013,9,18,933,-7,1037,-43,AA,N514AA,317,LGA,ORD,101,733,9,33
2013,7,5,920,5,1204,-6,AA,N328AA,1,JFK,LAX,302,2475,9,20
2013,7,25,752,-3,917,2,MQ,N6EAMQ,3709,EWR,ORD,103,719,7,52
2013,12,24,838,38,1104,32,UA,N556UA,561,LGA,DEN,237,1620,8,38
2013,4,12,840,20,1240,28,B6,N655JB,403,JFK,SJU,186,1598,8,40
2013,5,13,1825,-4,2000,-35,DL,N919DE,2131,LGA,DTW,77,502,18,25
2013,12,18,730,0,1038,-2,AA,N3KCAA,29,LGA,PBI,140,1035,7,30
2013,7,21,2231,121,2332,96,9E,N8488D,4218,JFK,PHL,25,94,22,31
2013,8,22,1108,-7,1352,-12,UA,N597UA,703,JFK,LAX,292,2475,11,8
2013,3,13,1229,89,1342,87,MQ,N511MQ,3792,JFK,DCA,53,213,12,29
2013,10,27,1944,15,2112,17,EV,N12569,4224,EWR,MKE,117,725,19,44
2013,3,21,1850,30,2020,25,WN,N280WN,962,LGA,BNA,116,764,18,50
2013,11,27,1421,-8,1709,6,B6,N316JB,477,JFK,JAX,148,828,14,21
2013,11,4,1822,413,2143,434,AA,N3GRAA,1139,LGA,DFW,210,1389,18,22
2013,1,8,902,-3,1006,-17,B6,N281JB,56,JFK,BTV,47,266,9,2
2013,9,9,1821,8,2053,-35,UA,N24202,1416,EWR,SNA,307,2434,18,21
2013,3,27,1158,-2,1455,-16,DL,N721TW,863,JFK,LAX,336,2475,11,58
2013,3,5,756,-4,1011,11,B6,N353JB,219,JFK,CLT,86,541,7,56
2013,12,26,958,-7,1141,-14,MQ,N817MQ,3572,LGA,CLE,78,419,9,58
2013,12,9,1922,-8,2234,-2,DL,N989DL,1485,LGA,MCO,149,950,19,22
2013,11,8,818,8,1114,8,UA,N37409,1148,EWR,TPA,149,997,8,18
2013,4,24,1539,-2,1814,-14,UA,N73291,1110,EWR,LAS,316,2227,15,39
2013,11,30,807,-8,1103,-20,B6,N179JB,281,JFK,HOU,214,1428,8,7
2013,9,28,750,-5,849,-21,MQ,N807MQ,3370,JFK,DCA,39,213,7,50
2013,7,1,2007,82,2123,53,AA,N547AA,359,LGA,ORD,112,733,20,7
2013,9,29,2003,-2,2108,-22,MQ,N509MQ,3604,EWR,ORD,103,719,20,3
2013,4,15,625,-5,752,-13,AA,N589AA,303,LGA,ORD,118,733,6,25
2013,7,21,1012,-8,1149,-17,US,N122US,1501,EWR,CLT,79,529,10,12
2013,10,30,1042,24,1219,4,EV,N11127,4297,EWR,DTW,80,488,10,42
2013,2,6,1637,-3,1851,1,MQ,N725MQ,4540,LGA,DTW,92,502,16,37
2013,8,11,2055,11,50,8,UA,N76514,1071,EWR,BQN,196,1585,20,55
2013,6,20,2020,13,2257,-2,B6,N598JB,1505,JFK,ABQ,232,1826,20,20
2013,5,26,1417,-8,1529,-21,B6,N184JB,8,JFK,BUF,56,301,14,17
2013,9,8,1818,4,1958,2,UA,N33266,1053,EWR,CLE,65,404,18,18
2013,10,2,2243,-7,2359,-8,B6,N183JB,2002,JFK,BUF,58,301,22,43
2013,7,26,1433,4,1753,54,MQ,N527MQ,3669,LGA,ATL,115,762,14,33
2013,5,25,1610,-5,1827,-13,MQ,N525MQ,4657,LGA,ATL,102,762,16,10
2013,12,6,2052,-8,2238,32,US,N957UW,2164,LGA,BOS,40,184,20,52
2013,8,7,850,-5,1122,-34,UA,N39726,1058,LGA,IAH,177,1416,8,50
2013,3,25,1329,-1,1615,-25,AA,N3JYAA,753,LGA,DFW,206,1389,13,29
2013,7,10,1153,-7,1303,-6,US,N955UW,2126,LGA,BOS,32,184,11,53
2013,11,24,553,-7,734,-9,EV,N14923,5824,EWR,CLE,75,404,5,53
2013,11,20,2044,4,2243,-19,EV,N13132,4085,EWR,OMA,163,1134,20,44
2013,11,13,1233,-7,1345,-11,9E,N908XJ,3371,LGA,SYR,42,198,12,33
2013,12,3,2126,-4,2229,-16,MQ,N817MQ,3621,JFK,DCA,39,213,21,26
2013,1,15,1947,167,2241,171,AA,N5EGAA,575,JFK,EGE,265,1747,19,47
2013,8,28,2153,143,13,109,DL,N387DA,1485,LGA,MCO,116,950,21,53
2013,4,8,1325,-5,1608,2,B6,N354JB,127,EWR,MCO,130,937,13,25
2013,7,8,1732,23,2034,40,B6,N565JB,327,EWR,MCO,138,937,17,32
2013,1,1,1454,-4,1554,-21,EV,N11544,4390,EWR,PWM,47,284,14,54
2013,11,4,1022,-8,1139,-5,EV,N18102,6181,EWR,IAD,45,212,10,22
2013,5,6,1016,-4,1158,-18,9E,N916XJ,3341,EWR,DTW,80,488,10,16
2013,2,11,2329,179,312,203,B6,N183JB,1069,JFK,AUS,261,1521,23,29
2013,10,21,2017,-5,2154,-6,UA,N26208,1464,EWR,CLE,68,404,20,17
2013,7,1,758,-2,1154,-6,AA,N5FGAA,655,JFK,STT,198,1623,7,58
2013,9,9,2058,-10,2256,-32,B6,N206JB,775,JFK,MSY,146,1182,20,58
2013,9,28,1652,32,2013,33,AA,N3DYAA,1410,LGA,MIA,138,1096,16,52
2013,7,29,1648,7,1909,-4,EV,N14907,3854,EWR,ATL,105,746,16,48
2013,4,6,923,-6,1019,-25,EV,N12563,4636,EWR,DCA,41,199,9,23
2013,4,21,1640,-5,1835,-23,9E,N8960A,3881,EWR,CVG,93,569,16,40
2013,6,2,2235,100,118,79,UA,N406UA,492,EWR,FLL,138,1065,22,35
2013,7,4,1125,0,1411,-29,AA,N3BNAA,2099,LGA,MIA,150,1096,11,25
2013,8,1,611,-3,800,-8,US,N107US,2063,JFK,CLT,81,541,6,11
2013,6,20,1729,23,1903,15,EV,N27962,5977,EWR,RDU,68,416,17,29
2013,1,30,1306,-9,1430,-1,EV,N13969,4120,EWR,BUF,61,282,13,6
2013,6,30,1931,116,2209,99,AA,N3FXAA,1901,JFK,IAH,193,1417,19,31
2013,12,30,1154,9,1338,23,WN,N961WN,172,LGA,MDW,123,725,11,54
2013,7,17,648,-2,923,-8,B6,N594JB,525,JFK,TPA,132,1005,6,48
2013,11,7,1242,52,1410,45,WN,N423WN,3566,LGA,BNA,130,764,12,42
2013,5,1,848,-2,1220,-28,DL,N721TW,301,JFK,SJU,189,1598,8,48
2013,11,21,1153,-2,1415,-10,UA,N803UA,586,EWR,DEN,238,1605,11,53
2013,10,3,716,-9,951,-24,AA,N4YSAA,1381,EWR,DFW,184,1372,7,16
2013,6,9,1914,-2,2234,9,UA,N26208,1439,EWR,LAX,317,2454,19,14
2013,6,11,556,-9,911,1,AA,N3EXAA,1837,LGA,MIA,160,1096,5,56
2013,4,12,1336,-4,1653,13,AA,N3DBAA,753,LGA,DFW,210,1389,13,36
2013,6,2,732,-8,943,-21,B6,N368JB,611,JFK,JAX,116,828,7,32
2013,12,11,939,-6,1306,6,AA,N542AA,1223,EWR,DFW,231,1372,9,39
2013,10,11,1010,10,1257,23,9E,N922XJ,3574,LGA,IND,90,660,10,10
2013,9,16,1730,-5,2008,-2,UA,N27421,1580,EWR,LAS,285,2227,17,30
2013,7,24,1641,0,1904,-9,EV,N12996,3854,EWR,ATL,123,746,16,41
2013,4,30,1742,3,1952,-10,FL,N261AT,722,LGA,ATL,108,762,17,42
2013,3,2,1158,-7,1457,4,B6,N584JB,523,EWR,MCO,164,937,11,58
2013,5,5,1503,13,1650,15,MQ,N827MQ,4403,JFK,RDU,76,427,15,3
2013,11,26,1545,0,1900,-20,AA,N324AA,133,JFK,LAX,334,2475,15,45
2013,8,20,800,-2,903,-13,UA,N14731,1199,EWR,BOS,38,200,8,0
2013,12,30,2202,292,130,283,B6,N595JB,415,JFK,SFO,361,2586,22,2
2013,4,27,1256,-3,1542,-1,UA,N17122,1641,EWR,MCO,133,937,12,56
2013,5,7,2036,55,2220,34,EV,N14920,4361,EWR,TYS,84,631,20,36
2013,8,24,1017,12,1113,-7,MQ,N517MQ,3611,EWR,ORD,101,719,10,17
2013,7,9,1822,47,2052,97,WN,N286WN,19,EWR,STL,118,872,18,22
2013,12,15,2149,134,41,123,UA,N36476,1269,EWR,PBI,152,1023,21,49
2013,7,21,1223,-7,1345,-7,B6,N266JB,2502,JFK,BUF,57,301,12,23
2013,8,22,2156,164,2341,146,EV,N13975,4509,EWR,CLT,83,529,21,56
2013,4,16,1745,8,1937,-7,DL,N320US,2331,LGA,DTW,87,502,17,45
2013,2,7,1505,-5,1717,-28,MQ,N638MQ,4309,JFK,IND,112,665,15,5
2013,2,1,900,-4,1038,-15,UA,N33284,1602,EWR,CLE,70,404,9,0
2013,11,12,859,0,1237,38,AA,N3FHAA,1121,LGA,DFW,209,1389,8,59
2013,9,8,2013,-2,2234,-10,EV,N14162,4333,EWR,TUL,160,1215,20,13
2013,12,24,855,0,1153,11,UA,N13716,1162,EWR,JAC,269,1874,8,55
2013,8,9,948,-1,1232,-12,UA,N37252,1211,EWR,FLL,150,1065,9,48
2013,3,14,1359,9,1540,-5,MQ,N511MQ,4577,LGA,CLT,83,544,13,59
2013,9,11,1528,-2,1728,13,WN,N469WN,1013,LGA,STL,134,888,15,28
2013,6,12,1358,-1,1615,-17,DL,N6700,2247,LGA,ATL,106,762,13,58
2013,3,31,1810,-5,2017,-19,9E,N928XJ,3470,JFK,DTW,84,509,18,10
2013,2,7,734,-6,1027,-38,DL,N647DL,1889,JFK,SEA,330,2422,7,34
2013,1,4,1942,-3,2249,-40,B6,N637JB,645,JFK,SFO,333,2586,19,42
2013,10,25,1857,-8,2109,31,EV,N741EV,5383,LGA,ROC,45,254,18,57
2013,2,7,555,-5,920,9,B6,N618JB,135,JFK,RSW,174,1074,5,55
2013,11,24,1920,-5,2218,-27,AA,N3FHAA,2437,LGA,MIA,146,1096,19,20
2013,3,24,2005,5,2248,-37,UA,N39726,1466,EWR,LAX,315,2454,20,5
2013,2,15,1818,13,1948,-2,WN,N216WR,551,LGA,BNA,130,764,18,18
2013,9,17,1341,-6,1609,-22,UA,N816UA,431,EWR,DFW,182,1372,13,41
2013,10,31,1044,-1,1356,-1,DL,N319NB,954,LGA,FLL,153,1076,10,44
2013,6,13,806,-9,1045,15,9E,N919XJ,3538,JFK,MSP,157,1029,8,6
2013,11,19,1629,-6,1756,-19,MQ,N614MQ,2949,JFK,BNA,126,765,16,29
2013,3,13,2051,68,2150,57,EV,N14923,4312,EWR,DCA,45,199,20,51
2013,9,17,1437,-8,1736,-22,UA,N505UA,841,JFK,LAX,325,2475,14,37
2013,8,18,1051,-4,1335,-23,B6,N746JB,971,LGA,FLL,148,1076,10,51
2013,3,5,1153,-7,1526,15,DL,N717TW,863,JFK,LAX,343,2475,11,53
2013,1,8,1859,-6,2158,-27,AA,N322AA,21,JFK,LAX,337,2475,18,59
2013,4,25,1638,-7,1949,-15,B6,N298JB,139,JFK,RSW,163,1074,16,38
2013,10,18,1755,56,2031,61,EV,N14959,4705,EWR,ATL,123,746,17,55
2013,3,18,1607,-3,1742,-2,9E,N928XJ,3354,JFK,BOS,33,187,16,7
2013,2,11,2010,215,2324,213,B6,N279JB,139,JFK,RSW,162,1074,20,10
2013,4,1,923,-6,1039,-5,EV,N16918,4636,EWR,DCA,60,199,9,23
2013,2,28,816,-4,922,-17,9E,N8797A,4051,JFK,BWI,42,184,8,16
2013,10,4,1122,-3,1414,-11,UA,N554UA,398,JFK,LAX,323,2475,11,22
2013,4,8,1150,-10,1502,-3,AA,N336AA,3,JFK,LAX,345,2475,11,50
2013,9,20,1948,-12,2112,-20,UA,N814UA,695,LGA,ORD,106,733,19,48
2013,11,17,2019,14,2335,25,B6,N531JB,1201,JFK,FLL,144,1069,20,19
2013,11,10,1907,7,2053,13,MQ,N857MQ,3591,LGA,RDU,68,431,19,7
2013,6,9,1534,-6,1721,-20,US,N738US,1899,LGA,CLT,87,544,15,34
2013,5,18,1707,-8,2020,-18,DL,N318NB,1863,JFK,SAT,220,1587,17,7
2013,11,13,2157,57,2355,27,DL,N984DL,1247,LGA,ATL,93,762,21,57
2013,1,16,1324,-6,1603,-2,DL,N3763D,2043,JFK,ATL,129,760,13,24
2013,10,3,1244,15,1516,18,UA,N441UA,352,EWR,LAS,306,2227,12,44
2013,10,26,543,-2,826,-29,AA,N624AA,2243,JFK,MIA,147,1089,5,43
2013,1,30,1020,-5,1232,1,EV,N607LR,5026,EWR,DTW,84,488,10,20
2013,1,15,1447,2,1657,23,EV,N15910,4596,EWR,STL,160,872,14,47
2013,11,28,835,-5,1114,-1,MQ,N518MQ,3419,LGA,ATL,114,762,8,35
2013,10,23,816,1,1046,-9,DL,N694DL,1429,JFK,LAS,303,2248,8,16
2013,1,1,1840,-5,2055,25,MQ,N725MQ,4517,LGA,CRW,96,444,18,40
2013,4,23,1955,30,2238,13,DL,N989DL,1485,LGA,MCO,128,950,19,55
2013,9,26,1058,-2,1352,-16,UA,N76505,1479,EWR,LAX,334,2454,10,58
2013,1,6,2056,6,2203,1,B6,N523JB,1020,JFK,BOS,45,187,20,56
2013,12,11,1725,-5,2031,-15,B6,N784JB,359,JFK,BUR,346,2465,17,25
2013,5,31,901,-5,1132,-31,UA,N461UA,224,EWR,IAH,180,1400,9,1
2013,10,27,1601,1,1914,-13,DL,N912DL,2280,JFK,FLL,153,1069,16,1
2013,1,8,1058,-2,1522,58,DL,N912DL,2044,LGA,MIA,152,1096,10,58
2013,9,30,1945,0,2233,-32,DL,N6705Y,1768,JFK,SLC,263,1990,19,45
2013,9,30,1822,-7,2003,-8,UA,N33266,1053,EWR,CLE,65,404,18,22
2013,3,5,1509,1,1825,27,UA,N66056,1674,EWR,IAH,205,1400,15,9
2013,11,12,1138,3,1507,28,DL,N318NB,1875,LGA,TPA,163,1010,11,38
2013,11,23,1257,-2,1403,-16,EV,N22971,6049,EWR,IAD,50,212,12,57
2013,1,25,1814,54,2020,65,AA,N3CXAA,1351,JFK,ORD,128,740,18,14
2013,9,14,742,-4,943,0,B6,N197JB,1273,JFK,CHS,101,636,7,42
2013,10,26,1457,2,1759,3,UA,N14731,1744,LGA,IAH,207,1416,14,57
2013,5,17,2014,0,2322,-2,UA,N850UA,729,EWR,MIA,140,1085,20,14
2013,1,24,1247,-12,1402,-18,EV,N15912,4158,EWR,RIC,59,277,12,47
2013,3,24,2151,50,102,63,UA,N581UA,794,EWR,FLL,151,1065,21,51
2013,7,4,1607,17,1757,-8,WN,N225WN,262,EWR,DEN,207,1605,16,7
2013,8,21,1458,-1,1740,-16,UA,N853UA,998,EWR,SAN,308,2425,14,58
2013,7,25,659,-11,918,3,MQ,N717MQ,3547,LGA,XNA,167,1147,6,59
2013,11,14,1629,-1,1739,-21,B6,N309JB,2302,JFK,BUF,58,301,16,29
2013,3,3,1505,15,1641,1,MQ,N835MQ,4403,JFK,RDU,68,427,15,5
2013,8,28,911,-4,1156,-34,AA,N5EYAA,647,JFK,MIA,135,1089,9,11
2013,10,10,1155,-5,1459,-16,UA,N512UA,766,JFK,SFO,345,2586,11,55
2013,10,9,1524,24,1638,7,UA,N439UA,258,EWR,ORD,97,719,15,24
2013,11,15,1718,-6,1959,6,UA,N536UA,509,LGA,DEN,240,1620,17,18
2013,3,2,1019,24,1352,55,B6,N618JB,503,EWR,FLL,176,1065,10,19
2013,1,5,1257,5,1545,-10,B6,N652JB,85,JFK,FLL,153,1069,12,57
2013,12,15,2119,4,2345,-3,EV,N17185,3810,EWR,ATL,115,746,21,19
2013,4,21,1954,145,2116,149,EV,N13988,4353,EWR,BNA,118,748,19,54
2013,5,31,1550,-10,1703,-15,US,N961UW,2134,LGA,BOS,41,184,15,50
2013,9,9,1434,-5,1537,-30,9E,N8423C,3712,JFK,BWI,39,184,14,34
2013,1,24,833,5,1107,2,B6,N283JB,611,JFK,JAX,113,828,8,33
2013,1,11,738,-2,1021,-24,UA,N73276,1179,EWR,TPA,141,997,7,38
2013,5,27,1433,51,1606,77,EV,N14953,3829,EWR,PWM,52,284,14,33
2013,2,7,557,-4,914,-4,UA,N12109,1030,JFK,LAX,346,2475,5,57
2013,3,26,1056,-4,1242,-23,DL,N361NB,1573,LGA,MEM,141,963,10,56
2013,2,15,1724,25,2106,31,UA,N36447,1237,EWR,SAT,245,1569,17,24
2013,7,18,1451,5,1726,-19,UA,N24729,1744,LGA,IAH,198,1416,14,51
2013,8,24,1529,1,1710,-30,EV,N16561,4352,EWR,CVG,86,569,15,29
2013,3,22,2121,-4,2245,-5,MQ,N515MQ,4660,LGA,BNA,124,764,21,21
2013,8,9,2111,111,2230,105,AA,N3FBAA,1762,JFK,BOS,50,187,21,11
2013,9,8,1017,-3,1246,-23,B6,N630JB,53,JFK,PBI,128,1028,10,17
2013,3,31,1323,-2,1641,-9,VX,N622VA,411,JFK,LAX,352,2475,13,23
2013,8,20,1408,21,1515,2,UA,N469UA,772,EWR,ORD,104,719,14,8
2013,11,11,1445,-5,1604,-12,9E,N8541D,2940,JFK,BWI,39,184,14,45
2013,12,4,1550,0,1715,5,WN,N7739A,421,EWR,MDW,126,711,15,50
2013,12,2,1652,-8,2005,-20,AA,N3HEAA,2379,LGA,MIA,160,1096,16,52
2013,7,30,1713,7,2105,-6,B6,N639JB,803,JFK,SJU,205,1598,17,13
2013,10,28,706,-4,1018,-7,AA,N335AA,1345,JFK,MIA,156,1089,7,6
2013,3,11,1650,-5,2032,5,DL,N324NB,1367,JFK,SAT,234,1587,16,50
2013,7,24,1323,-7,1628,-10,B6,N554JB,431,LGA,SRQ,145,1047,13,23
2013,5,19,1601,11,1857,-10,DL,N906DL,1982,LGA,MIA,138,1096,16,1
2013,8,2,653,-2,916,10,US,N672AW,433,EWR,PHX,281,2133,6,53
2013,2,15,1112,0,1309,-14,DL,N318NB,1573,LGA,MEM,157,963,11,12
2013,12,1,1058,-2,1222,12,MQ,N520MQ,3230,JFK,DCA,39,213,10,58
2013,2,28,2117,-8,2228,-22,MQ,N5PBMQ,4660,LGA,BNA,110,764,21,17
2013,10,2,1118,-12,1323,-11,US,N154UW,1951,LGA,CLT,83,544,11,18
2013,1,24,739,-1,925,-2,EV,N10575,4099,EWR,STL,150,872,7,39
2013,12,4,1507,-8,1644,-21,MQ,N618MQ,3231,JFK,PIT,67,340,15,7
2013,8,22,624,-6,831,-7,US,N162UW,2085,LGA,CLT,106,544,6,24
2013,8,17,1213,-6,1353,-28,EV,N11199,4567,EWR,MCI,146,1092,12,13
2013,3,27,840,5,1009,13,EV,N12540,4409,EWR,RIC,58,277,8,40
2013,8,27,1639,-6,1811,-16,B6,N374JB,2302,JFK,BUF,55,301,16,39
2013,4,16,1625,-7,1816,-8,EV,N13956,4411,EWR,MEM,140,946,16,25
2013,5,3,1514,44,1654,53,FL,N924AT,721,LGA,CAK,55,397,15,14
2013,5,10,931,31,1222,12,UA,N36444,1114,EWR,SEA,325,2402,9,31
2013,5,27,1434,-6,1617,-25,US,N538UW,1113,LGA,CLT,74,544,14,34
2013,12,18,803,18,1044,-16,AA,N3EJAA,1111,LGA,DFW,194,1389,8,3
2013,12,7,1737,-8,1902,-18,WN,N429WN,4161,LGA,MDW,131,725,17,37
2013,6,7,950,0,1218,-2,VX,N847VA,251,JFK,LAS,300,2248,9,50
2013,8,16,1810,5,2033,-7,DL,N3763D,569,JFK,ATL,119,760,18,10
2013,11,1,2000,-5,2125,-5,MQ,N521MQ,3604,EWR,ORD,114,719,20,0
2013,1,17,1644,9,1820,10,MQ,N0EGMQ,3695,EWR,ORD,128,719,16,44
2013,8,4,1443,-5,1634,-18,US,N564UW,1995,LGA,CLT,84,544,14,43
2013,4,8,1044,-3,1316,-31,UA,N464UA,251,EWR,IAH,187,1400,10,44
2013,8,27,1850,-10,2120,-34,UA,N13750,1128,LGA,IAH,163,1416,18,50
2013,4,1,1051,1,1354,-8,DL,N908DE,1903,LGA,SRQ,158,1047,10,51
2013,10,13,1641,-6,1905,4,EV,N13553,4294,EWR,SAV,102,708,16,41
2013,6,14,2338,43,58,39,B6,N304JB,112,JFK,BUF,57,301,23,38
2013,12,25,1310,-5,1631,-26,US,N679AW,456,JFK,PHX,294,2153,13,10
2013,3,24,2019,-6,2259,-30,UA,N512UA,771,JFK,LAX,307,2475,20,19
2013,5,8,922,2,1153,-32,AA,N494AA,1739,EWR,DFW,181,1372,9,22
2013,9,17,1554,-6,1749,-29,9E,N604LR,3540,JFK,MSP,146,1029,15,54
2013,2,5,1412,12,1518,15,US,N949UW,2130,LGA,BOS,32,184,14,12
2013,1,28,808,-9,1055,-32,DL,N353NW,1109,LGA,TPA,147,1010,8,8
2013,5,5,1315,0,1433,-2,MQ,N546MQ,3765,EWR,ORD,112,719,13,15
2013,10,14,2104,-2,2330,-24,UA,N476UA,475,EWR,IAH,180,1400,21,4
2013,9,3,725,45,834,24,WN,N298WN,465,LGA,MKE,107,738,7,25
2013,7,15,708,-7,845,-50,UA,N808UA,699,EWR,PHX,254,2133,7,8
2013,6,24,820,-10,1015,1,EV,N15555,5817,EWR,MEM,140,946,8,20
2013,7,5,654,-6,908,-21,DL,N900PC,1547,LGA,ATL,105,762,6,54
2013,6,15,626,-4,750,-14,UA,N563UA,753,EWR,CLE,62,404,6,26
2013,4,2,2139,39,2359,44,EV,N12569,3817,EWR,SDF,120,642,21,39
2013,11,17,1429,19,1626,10,B6,N281JB,1373,JFK,CHS,96,636,14,29
2013,6,15,1700,0,1833,-38,B6,N283JB,1085,JFK,CLT,74,541,17,0
2013,7,7,2209,69,227,135,DL,N3740C,2065,JFK,FLL,140,1069,22,9
2013,3,22,2205,65,3,77,EV,N13970,4672,EWR,STL,151,872,22,5
2013,10,6,2255,0,28,19,B6,N323JB,486,JFK,ROC,55,264,22,55
2013,2,10,2001,-4,2233,-25,UA,N405UA,405,EWR,MCO,130,937,20,1
2013,5,30,1806,46,2048,29,UA,N77296,1269,EWR,PBI,134,1023,18,6
2013,2,2,1831,1,2032,-15,DL,N326NB,1225,JFK,DTW,91,509,18,31
2013,5,23,639,-1,833,-34,UA,N464UA,311,EWR,DEN,214,1605,6,39
2013,7,6,1300,-10,1456,-31,EV,N608QX,4909,LGA,TVC,90,655,13,0
2013,3,13,800,10,946,5,EV,N14959,4099,EWR,STL,136,872,8,0
2013,9,15,2112,12,2246,3,EV,N13978,4672,EWR,STL,130,872,21,12
2013,11,7,2007,38,2335,41,UA,N76503,1078,EWR,SAT,239,1569,20,7
2013,2,2,558,-2,841,-17,UA,N73291,1627,EWR,PBI,145,1023,5,58
2013,7,26,856,-4,1159,2,DL,N935DL,1885,LGA,MCO,130,950,8,56
2013,5,28,1917,22,2107,17,MQ,N534MQ,4649,LGA,MSP,155,1020,19,17
2013,12,23,1335,21,1650,21,B6,N580JB,1639,LGA,RSW,167,1080,13,35
2013,7,24,904,-1,1217,-8,DL,N351NB,874,LGA,MIA,151,1096,9,4
2013,3,27,622,-8,755,-23,EV,N11551,4334,EWR,CMH,74,463,6,22
2013,11,22,1011,-4,1312,-18,DL,N302NB,1174,LGA,PBI,150,1035,10,11
2013,5,29,1450,-5,1749,-12,B6,N595JB,377,LGA,FLL,162,1076,14,50
2013,10,6,1832,-7,2202,6,UA,N554UA,389,JFK,SFO,333,2586,18,32
2013,10,25,749,-6,916,-19,MQ,N821MQ,3363,JFK,RDU,68,427,7,49
2013,12,31,1644,31,1948,35,B6,N805JB,283,JFK,MCO,155,944,16,44
2013,12,19,2012,32,2306,8,DL,N932DL,1435,LGA,TPA,144,1010,20,12
2013,12,10,1521,26,1801,71,MQ,N845MQ,3359,JFK,RDU,108,427,15,21
2013,10,14,1725,-4,2040,-25,VX,N631VA,193,EWR,SFO,345,2565,17,25
2013,7,31,1401,-5,1608,-3,EV,N14143,4181,EWR,MCI,158,1092,14,1
2013,11,3,1526,-3,1830,5,B6,N589JB,573,EWR,TPA,147,997,15,26
2013,12,4,1345,0,1536,-14,EV,N12569,4100,EWR,MEM,150,946,13,45
2013,2,15,2106,-1,2356,-3,UA,N73259,1692,EWR,MCO,151,937,21,6
2013,3,19,816,16,1146,21,UA,N525UA,397,JFK,SFO,357,2586,8,16
2013,8,9,755,0,1016,7,UA,N526UA,561,LGA,DEN,229,1620,7,55
2013,11,16,900,0,1129,0,DL,N935AT,394,EWR,ATL,119,746,9,0
2013,9,15,1708,168,1926,157,UA,N442UA,511,EWR,LAS,295,2227,17,8
2013,4,29,2011,-9,2223,-22,MQ,N504MQ,4662,LGA,ATL,102,762,20,11
2013,3,1,1559,-6,1754,4,MQ,N713MQ,4415,LGA,RDU,73,431,15,59
2013,8,12,1506,6,1802,7,AA,N5FHAA,1813,JFK,MCO,131,944,15,6
2013,5,13,1028,-9,1138,-15,EV,N10575,3826,EWR,BUF,48,282,10,28
2013,1,22,626,-4,843,-22,WN,N227WN,135,LGA,DEN,240,1620,6,26
2013,11,6,1613,30,1824,32,EV,N21130,4667,EWR,MSP,168,1008,16,13
2013,1,20,1822,-8,2222,20,UA,N525UA,272,JFK,SFO,371,2586,18,22
2013,10,19,1718,8,2030,-3,B6,N644JB,167,JFK,OAK,345,2576,17,18
2013,4,4,1515,5,1808,-10,UA,N34137,1600,EWR,LAX,330,2454,15,15
2013,9,9,1903,-2,2022,-3,WN,N771SA,381,LGA,MKE,107,738,19,3
2013,8,27,1711,12,1911,-8,DL,N349NB,2042,EWR,ATL,97,746,17,11
2013,2,12,633,-6,1027,30,UA,N813UA,251,EWR,AUS,271,1504,6,33
2013,6,24,631,1,741,-8,EV,N13968,4533,EWR,BUF,48,282,6,31
2013,5,15,758,-2,958,-15,EV,N13118,4462,EWR,OMA,158,1134,7,58
2013,10,2,1932,-8,2106,-14,AA,N569AA,363,LGA,ORD,112,733,19,32
2013,12,2,704,-4,1002,-11,UA,N14704,1077,EWR,MIA,159,1085,7,4
2013,12,14,2014,104,101,203,B6,N524JB,201,JFK,FLL,172,1069,20,14
2013,5,27,2037,-8,2139,-20,B6,N304JB,1178,EWR,BOS,39,200,20,37
2013,8,18,1137,-8,1307,-13,AA,N553AA,1855,LGA,STL,129,888,11,37
2013,11,4,1447,-8,1618,-22,MQ,N839MQ,3359,JFK,RDU,73,427,14,47
2013,9,27,948,-3,1153,-14,UA,N802UA,406,EWR,DEN,215,1605,9,48
2013,9,26,1712,-7,1837,-25,EV,N13566,4202,EWR,STL,123,872,17,12
2013,7,15,1618,18,1859,-39,DL,N718TW,141,JFK,SFO,312,2586,16,18
2013,12,1,1451,66,1649,55,EV,N12900,4687,EWR,CVG,99,569,14,51
2013,4,4,751,1,1122,-33,AA,N5FNAA,655,JFK,STT,191,1623,7,51
2013,12,31,2014,-1,2333,-10,DL,N196DN,427,JFK,LAX,347,2475,20,14
2013,5,17,1403,21,1510,21,EV,N11551,3832,EWR,PWM,50,284,14,3
2013,7,19,1703,-2,1938,-42,AA,N3KLAA,1999,EWR,MIA,140,1085,17,3
2013,12,23,708,-2,821,-19,B6,N794JB,2702,JFK,BUF,56,301,7,8
2013,9,7,1743,13,1959,9,F9,N218FR,837,LGA,DEN,215,1620,17,43
2013,10,12,1756,-4,1938,-26,US,N653AW,425,JFK,CLT,76,541,17,56
2013,4,19,924,10,1203,3,B6,N615JB,883,JFK,MCO,131,944,9,24
2013,5,4,2055,25,8,12,B6,N636JB,677,JFK,LAX,310,2475,20,55
2013,7,11,650,50,919,45,B6,N709JB,27,EWR,MCO,124,937,6,50
2013,2,19,1609,-6,1830,15,9E,N919XJ,3330,JFK,RDU,79,427,16,9
2013,11,15,554,-6,850,4,B6,N766JB,583,JFK,MCO,144,944,5,54
2013,2,24,1200,0,1502,-27,DL,N723TW,863,JFK,LAX,339,2475,12,0
2013,8,16,1038,0,1144,-8,UA,N37252,1163,EWR,BOS,41,200,10,38
2013,12,6,1657,-3,2029,34,AA,N3EPAA,45,JFK,LAS,357,2248,16,57
2013,4,30,855,-5,1204,7,UA,N403UA,606,EWR,IAH,200,1400,8,55
2013,5,24,1700,0,1924,-15,DL,N662DN,1499,LGA,ATL,102,762,17,0
2013,8,21,2053,4,2332,-38,UA,N38403,1532,EWR,SFO,320,2565,20,53
2013,3,8,1522,167,1637,147,WN,N912WN,316,LGA,MKE,109,738,15,22
2013,3,31,954,-6,1323,-11,DL,N624AG,1765,JFK,SFO,357,2586,9,54
2013,2,10,1349,-1,1600,-28,DL,N320NB,1705,LGA,MSY,167,1183,13,49
2013,9,4,1257,-3,1533,-27,VX,N625VA,411,JFK,LAX,312,2475,12,57
2013,2,12,1849,-6,2202,-8,DL,N332NW,2391,JFK,TPA,159,1005,18,49
2013,1,15,1055,-5,1210,-4,US,N702UW,2171,LGA,DCA,53,214,10,55
2013,11,26,820,21,1123,21,UA,N843UA,450,EWR,DFW,209,1372,8,20
2013,8,30,1532,3,1815,-46,DL,N971DL,2280,JFK,FLL,139,1069,15,32
2013,4,30,1229,0,1327,-9,UA,N815UA,587,EWR,BOS,35,200,12,29
2013,7,5,1521,1,1801,-13,UA,N41140,1600,EWR,LAX,316,2454,15,21
2013,10,22,1545,0,1759,-6,WN,N7704B,3580,EWR,DEN,227,1605,15,45
2013,1,28,1138,-7,1326,5,FL,N952AT,353,LGA,CAK,67,397,11,38
2013,8,18,1859,-1,2159,-16,DL,N712TW,1643,JFK,SEA,320,2422,18,59
2013,5,29,1052,-8,1225,-20,MQ,N717MQ,4471,LGA,RDU,64,431,10,52
2013,8,15,1300,0,1632,18,UA,N75435,1700,EWR,SFO,322,2565,13,0
2013,10,26,557,-3,906,-17,UA,N555UA,303,JFK,SFO,344,2586,5,57
2013,4,8,948,-7,1105,-5,MQ,N526MQ,4670,LGA,BNA,112,764,9,48
2013,5,13,1337,47,1613,38,WN,N685SW,1791,EWR,HOU,194,1411,13,37
2013,8,23,2047,-13,2208,-27,AA,N4YJAA,371,LGA,ORD,110,733,20,47
2013,8,18,2153,13,2322,12,MQ,N535MQ,3317,LGA,RDU,67,431,21,53
2013,7,27,1024,-6,1326,-19,AA,N320AA,179,JFK,SFO,337,2586,10,24
2013,6,16,1815,0,2114,9,UA,N87513,1218,EWR,DFW,201,1372,18,15
2013,11,25,1549,5,1745,-5,US,N409US,1767,LGA,CLT,88,544,15,49
2013,10,9,1153,-6,1344,0,MQ,N508MQ,3572,LGA,CLE,62,419,11,53
2013,8,18,2120,13,58,-7,UA,N17244,1071,EWR,BQN,196,1585,21,20
2013,4,20,928,-1,1256,13,UA,N77430,1043,EWR,RSW,182,1068,9,28
2013,11,13,1426,-4,1520,-17,EV,N13997,4372,EWR,DCA,39,199,14,26
2013,11,7,1633,33,1822,31,9E,N918XJ,3357,LGA,BNA,130,764,16,33
2013,12,21,1757,27,2045,20,AA,N5CFAA,2448,JFK,EGE,254,1746,17,57
2013,11,1,1905,5,2103,22,UA,N850UA,415,EWR,ORD,116,719,19,5
2013,11,30,702,-3,849,-19,EV,N48901,4166,EWR,GSP,94,594,7,2
2013,8,25,1437,-3,1622,-25,B6,N236JB,575,JFK,MSY,143,1182,14,37
2013,1,14,921,1,1259,26,UA,N57868,1657,EWR,LAX,347,2454,9,21
2013,6,29,936,1,1037,-8,WN,N787SA,1221,EWR,MDW,99,711,9,36
2013,10,1,822,22,1100,-17,DL,N944DL,2431,JFK,MIA,136,1089,8,22
2013,9,18,1422,-6,1525,-23,EV,N836AS,5712,JFK,IAD,42,228,14,22
2013,3,15,1653,204,1742,190,EV,N16954,4088,EWR,ALB,34,143,16,53
2013,10,15,636,-5,749,-16,EV,N12552,4522,EWR,BNA,107,748,6,36
2013,3,26,1539,-6,1847,-34,DL,N642DL,1773,JFK,SLC,283,1990,15,39
2013,6,26,1448,-7,1617,-28,MQ,N807MQ,3359,JFK,RDU,67,427,14,48
2013,1,27,2104,25,2341,3,UA,N14250,1225,EWR,PBI,138,1023,21,4
2013,6,19,1349,9,1724,24,AA,N3GEAA,1073,LGA,MIA,154,1096,13,49
2013,4,30,1400,84,1510,76,EV,N13913,4682,EWR,BNA,105,748,14,0
2013,10,17,911,-4,1127,-27,EV,N761ND,5211,LGA,SAV,101,722,9,11
2013,8,13,1909,4,2027,2,WN,N459WN,381,LGA,MKE,114,738,19,9
2013,4,22,2007,67,2222,48,DL,N360NB,1051,JFK,MSY,163,1182,20,7
2013,1,28,1808,3,1933,-2,WN,N7704B,389,LGA,MDW,122,725,18,8
2013,5,10,1355,-5,1649,-41,DL,N705TW,1565,JFK,SFO,328,2586,13,55
2013,9,7,1354,-4,1458,-12,UA,N76528,1248,EWR,BOS,42,200,13,54
2013,1,13,1102,2,1416,-23,UA,N76526,1120,EWR,SFO,351,2565,11,2
2013,10,20,1835,-6,1956,-14,B6,N192JB,2202,JFK,BUF,58,301,18,35
2013,5,24,553,-7,712,17,US,N957UW,1289,LGA,PHL,50,96,5,53
2013,1,10,746,-4,925,-15,9E,N801AY,3611,JFK,PIT,69,340,7,46
2013,12,15,1819,4,2112,-45,DL,N188DN,426,JFK,LAX,332,2475,18,19
2013,4,5,1308,-7,1521,-8,EV,N720EV,5148,LGA,CVG,91,585,13,8
2013,9,12,829,-1,1101,-21,UA,N38443,1117,EWR,MCO,125,937,8,29
2013,6,26,2316,116,6,87,EV,N15912,4141,EWR,DCA,36,199,23,16
2013,2,22,1617,-3,1750,0,MQ,N9EAMQ,4622,LGA,BNA,131,764,16,17
2013,5,21,649,-11,919,-31,DL,N377NW,2285,LGA,MCO,126,950,6,49
2013,12,6,2057,227,106,261,UA,N588UA,226,JFK,SFO,392,2586,20,57
2013,3,3,1707,7,1940,-45,WN,N750SA,430,EWR,HOU,190,1411,17,7
2013,5,1,854,-6,1121,1,EV,N713EV,4940,LGA,CHS,90,641,8,54
2013,3,22,1953,13,2305,20,B6,N537JB,381,LGA,FLL,157,1076,19,53
2013,10,11,1452,-3,1635,-10,MQ,N619MQ,2815,JFK,CLE,69,425,14,52
2013,3,28,600,0,716,-8,EV,N836AS,5689,LGA,IAD,48,229,6,0
2013,6,8,1450,-10,1545,-27,US,N967UW,2132,LGA,BOS,38,184,14,50
2013,8,27,712,-3,943,-27,VX,N855VA,399,JFK,LAX,300,2475,7,12
2013,4,14,1328,10,1414,2,EV,N16981,5670,EWR,BDL,24,116,13,28
2013,3,16,1657,-3,2048,-19,DL,N3769L,329,JFK,SJU,192,1598,16,57
2013,8,31,641,-4,833,-35,US,N546UW,623,JFK,PHX,274,2153,6,41
2013,9,23,1814,-1,2057,-31,DL,N197DN,17,JFK,LAX,316,2475,18,14
2013,12,28,807,18,1056,-17,UA,N69804,1455,EWR,LAX,326,2454,8,7
2013,7,16,1932,-8,2139,-11,EV,N11565,4543,EWR,DSM,132,1017,19,32
2013,5,9,1832,2,2036,-39,UA,N56859,1182,EWR,LAS,275,2227,18,32
2013,5,9,1344,179,1646,146,VX,N621VA,23,JFK,SFO,331,2586,13,44
2013,6,24,1704,71,1846,97,EV,N14570,5682,EWR,MKE,109,725,17,4
2013,1,16,1347,2,1701,-2,UA,N53442,1164,EWR,FLL,162,1065,13,47
2013,8,1,1344,6,1642,8,B6,N592JB,213,JFK,LGB,326,2465,13,44
2013,11,4,1716,-4,2019,-11,AA,N3ARAA,291,JFK,AUS,214,1521,17,16
2013,4,9,1459,0,1620,-17,B6,N657JB,8,JFK,BUF,55,301,14,59
2013,10,29,923,8,1209,-21,AA,N628AA,1499,JFK,MIA,142,1089,9,23
2013,10,31,2216,66,2353,58,MQ,N507MQ,3603,LGA,DTW,82,502,22,16
2013,5,22,1153,-7,1305,-5,US,N957UW,2126,LGA,BOS,34,184,11,53
2013,3,4,1522,-8,1815,-40,AA,N3CAAA,1039,JFK,FLL,153,1069,15,22
2013,4,9,1558,-2,1924,-10,DL,N722TW,1461,JFK,LAX,345,2475,15,58
2013,10,3,916,-13,1120,-9,MQ,N6EAMQ,3565,LGA,CLT,78,544,9,16
2013,12,29,1731,32,1918,17,DL,N717TW,2076,EWR,DTW,84,488,17,31
2013,1,18,637,7,923,-4,B6,N653JB,71,JFK,TPA,151,1005,6,37
2013,11,28,1526,58,1656,71,EV,N877AS,5712,JFK,IAD,49,228,15,26
2013,2,17,555,-5,727,4,B6,N229JB,208,JFK,BUF,55,301,5,55
2013,10,1,1356,1,1545,-17,US,N663AW,456,EWR,PHX,268,2133,13,56
2013,5,1,553,-7,655,-6,US,N702UW,2114,LGA,BOS,35,184,5,53
2013,1,12,1514,-16,1649,-36,AA,N454AA,2223,LGA,STL,136,888,15,14
2013,1,1,1805,8,2117,-2,UA,N39463,1152,EWR,PDX,336,2434,18,5
2013,12,12,1444,14,1633,28,EV,N14959,4171,EWR,MSN,149,799,14,44
2013,6,18,1903,193,2146,181,AA,N3DGAA,763,LGA,DFW,201,1389,19,3
2013,3,12,1438,-17,1613,-19,9E,N912XJ,3318,JFK,BUF,57,301,14,38
2013,3,13,609,-6,846,2,DL,N308DE,1743,JFK,ATL,120,760,6,9
2013,11,19,954,-6,1316,-17,DL,N624AG,469,JFK,SFO,355,2586,9,54
2013,1,21,1840,32,2131,25,UA,N14230,1269,EWR,PBI,147,1023,18,40
2013,3,11,946,-9,1229,-28,B6,N571JB,503,EWR,FLL,141,1065,9,46
2013,11,20,1528,-2,1733,13,UA,N806UA,381,LGA,CLE,68,419,15,28
2013,12,14,941,-4,1310,10,AA,N513AA,1223,EWR,DFW,218,1372,9,41
2013,2,15,754,-6,903,-14,US,N757UW,2165,LGA,DCA,48,214,7,54
2013,3,29,1723,83,1841,77,YV,N522LR,3788,LGA,IAD,47,229,17,23
2013,12,12,813,-2,1101,-22,B6,N304JB,281,JFK,HOU,208,1428,8,13
2013,7,26,1025,-5,1241,-7,DL,N3772H,1529,JFK,LAS,294,2248,10,25
2013,10,8,1450,-5,1638,-7,MQ,N658MQ,2815,JFK,CLE,73,425,14,50
2013,9,12,1429,44,1841,101,AA,N3KEAA,1073,LGA,MIA,159,1096,14,29
2013,4,15,755,-5,930,16,US,N770UW,2165,LGA,DCA,52,214,7,55
2013,8,14,727,-3,1024,-9,DL,N722TW,1771,JFK,SEA,316,2422,7,27
2013,4,29,1920,-10,2148,-42,AA,N3BLAA,791,LGA,DFW,185,1389,19,20
2013,4,18,14,149,253,108,AA,N329AA,185,JFK,LAX,321,2475,0,14
2013,11,19,1623,-7,1923,-29,DL,N338NW,1373,JFK,MIA,155,1089,16,23
2013,10,14,1729,64,1920,39,EV,N720EV,5601,LGA,CLT,85,544,17,29
2013,9,3,1229,-1,1340,-12,B6,N216JB,2502,JFK,BUF,56,301,12,29
2013,7,9,2141,71,2300,65,WN,N200WN,1271,EWR,MDW,98,711,21,41
2013,10,21,1645,-6,1941,-16,B6,N523JB,89,JFK,SAN,333,2446,16,45
2013,12,12,1523,8,1641,-2,EV,N761ND,5302,LGA,SYR,46,198,15,23
2013,3,19,953,-7,1343,52,UA,N411UA,684,EWR,MCO,156,937,9,53
2013,12,14,1117,-13,1355,23,US,N732US,2009,LGA,CLT,102,544,11,17
2013,8,9,855,-5,1014,-10,US,N764US,2173,LGA,DCA,45,214,8,55
2013,10,16,2107,-3,2243,-12,MQ,N6EAMQ,3603,LGA,DTW,81,502,21,7
2013,3,5,1154,-6,1304,-17,EV,N12967,4286,EWR,RIC,53,277,11,54
2013,3,23,559,-1,939,24,UA,N557UA,797,JFK,LAX,358,2475,5,59
2013,7,9,1612,13,1919,51,9E,N903XJ,3540,JFK,MSP,143,1029,16,12
2013,7,5,2046,-14,2154,-41,AA,N540AA,371,LGA,ORD,107,733,20,46
2013,12,28,1928,-4,2218,-47,B6,N552JB,161,JFK,SMF,331,2521,19,28
2013,5,16,818,-7,1023,-30,DL,N3733Z,2170,JFK,PHX,279,2153,8,18
2013,9,23,1401,11,1626,-17,B6,N592JB,1783,JFK,MCO,127,944,14,1
2013,9,26,1809,-6,1940,-7,9E,N924XJ,3513,LGA,MKE,104,738,18,9
2013,9,1,1620,-5,1748,-45,DL,N360NW,2231,LGA,DTW,71,502,16,20
2013,8,27,1020,-5,1254,-31,AA,N3CUAA,731,LGA,DFW,171,1389,10,20
2013,9,30,1840,71,2149,59,VX,N621VA,193,EWR,SFO,325,2565,18,40
2013,3,21,1422,-7,1533,-6,B6,N353JB,1010,JFK,BOS,36,187,14,22
2013,9,9,1759,-1,1901,-19,WN,N966WN,441,EWR,MDW,101,711,17,59
2013,11,26,1119,19,1222,8,US,N708UW,2177,LGA,DCA,49,214,11,19
2013,2,3,1708,-7,2029,-11,DL,N3763D,503,JFK,SAN,357,2446,17,8
2013,12,12,629,-6,922,-7,B6,N571JB,525,JFK,TPA,156,1005,6,29
2013,9,11,2019,39,2235,70,MQ,N836MQ,3374,JFK,RDU,66,427,20,19
2013,5,3,607,-4,848,-15,UA,N36247,1115,EWR,TPA,140,997,6,7
2013,1,19,1310,0,1417,-7,EV,N15574,4241,EWR,BUF,49,282,13,10
2013,1,1,1257,-3,1454,4,MQ,N739MQ,4426,LGA,CMH,97,479,12,57
2013,12,15,657,1,1142,-3,DL,N386DA,2275,JFK,SJU,200,1598,6,57
2013,8,10,835,-8,1025,-19,US,N725UW,2071,LGA,CLT,86,544,8,35
2013,6,5,555,-5,842,-8,AA,N3AUAA,707,LGA,DFW,203,1389,5,55
2013,3,3,845,-5,1102,-56,UA,N16713,1410,LGA,IAH,183,1416,8,45
2013,11,10,1802,1,1933,-12,UA,N38403,1177,EWR,ORD,127,719,18,2
2013,4,18,1248,48,1343,38,B6,N279JB,1174,EWR,BOS,35,200,12,48
2013,11,6,1932,2,2137,1,EV,N13903,4370,EWR,CHS,98,628,19,32
2013,12,4,1454,-6,1603,-8,US,N949UW,2152,LGA,BOS,36,184,14,54
2013,7,3,1018,-7,1200,-22,US,N604AW,604,EWR,PHX,267,2133,10,18
2013,6,30,1825,25,1923,10,US,N952UW,2138,LGA,BOS,36,184,18,25
2013,5,6,1954,-6,2103,-10,US,N952UW,2142,LGA,BOS,34,184,19,54
2013,10,8,1248,-2,1354,-6,AA,N3KSAA,178,JFK,BOS,39,187,12,48
2013,3,18,759,-5,1013,-13,EV,N14148,4157,EWR,OMA,174,1134,7,59
2013,10,28,2049,-10,2252,-3,EV,N11119,4368,EWR,DAY,88,533,20,49
2013,6,25,1427,197,1739,206,DL,N355NW,1875,LGA,TPA,139,1010,14,27
2013,9,24,1218,-8,1349,-19,EV,N13550,5906,EWR,CMH,73,463,12,18
2013,1,10,1516,-6,1744,17,EV,N12552,4576,EWR,GRR,98,605,15,16
2013,12,7,1209,-7,1519,-7,B6,N595JB,1129,JFK,RSW,169,1074,12,9
2013,1,8,1238,-2,1421,-24,DL,N349NB,1131,LGA,DTW,83,502,12,38
2013,1,21,1530,0,1736,11,MQ,N681MQ,4146,JFK,CMH,101,483,15,30
2013,7,31,1621,-4,1813,-2,MQ,N722MQ,3411,LGA,RDU,70,431,16,21
2013,4,4,1058,-2,1410,-4,DL,N3757D,1275,JFK,SLC,285,1990,10,58
2013,5,16,1120,-9,1220,-15,B6,N339JB,1174,EWR,BOS,41,200,11,20
2013,4,8,548,8,847,7,AA,N635AA,701,JFK,MIA,149,1089,5,48
2013,12,6,1619,-1,1954,20,B6,N655JB,89,JFK,SAN,379,2446,16,19
2013,8,5,1700,1,1805,-20,UA,N811UA,248,EWR,BOS,38,200,17,0
2013,1,17,1416,19,1620,24,EV,N12122,4370,EWR,CHS,102,628,14,16
2013,1,15,854,-6,1137,4,UA,N14118,1643,EWR,DEN,255,1605,8,54
2013,11,7,1154,-6,1438,-6,B6,N661JB,1711,JFK,LAS,327,2248,11,54
2013,11,24,2154,4,37,1,B6,N804JB,1183,JFK,MCO,130,944,21,54
2013,3,15,557,-3,812,-18,DL,N646DL,461,LGA,ATL,100,762,5,57
2013,4,19,1720,11,2018,8,UA,N37437,1627,EWR,PBI,153,1023,17,20
2013,11,4,927,-3,1357,-20,B6,N591JB,403,JFK,SJU,188,1598,9,27
2013,9,15,647,-8,906,-14,AA,N639AA,1263,JFK,LAS,293,2248,6,47
2013,4,17,523,-7,809,-7,UA,N24224,1714,LGA,IAH,207,1416,5,23
2013,2,26,1641,11,1920,-34,B6,N523JB,675,JFK,LAX,313,2475,16,41
2013,4,19,119,200,246,215,EV,N12924,4309,EWR,PWM,70,284,1,19
2013,12,25,1805,0,1949,-41,WN,N496WN,195,LGA,STL,146,888,18,5
2013,3,19,1528,-2,1925,3,DL,N711ZX,1322,JFK,SFO,373,2586,15,28
2013,12,3,1359,5,1652,6,UA,N38424,1571,EWR,PBI,154,1023,13,59
2013,2,26,1454,-4,1743,-33,UA,N821UA,374,EWR,AUS,211,1504,14,54
2013,5,24,921,141,1214,119,VX,N637VA,399,JFK,LAX,328,2475,9,21
2013,7,12,2133,40,2357,2,UA,N824UA,291,EWR,AUS,179,1504,21,33
2013,5,8,927,-5,1322,46,B6,N580JB,77,JFK,FLL,154,1069,9,27
2013,3,29,1238,3,1444,-21,WN,N247WN,3209,LGA,DEN,229,1620,12,38
2013,11,13,1912,-8,2057,-14,9E,N922XJ,2931,JFK,PIT,62,340,19,12
2013,4,24,1400,-3,1548,1,EV,N12996,4100,EWR,MEM,151,946,14,0
2013,2,18,1527,57,1903,48,DL,N711ZX,1322,JFK,SFO,358,2586,15,27
2013,11,12,1932,-3,2105,-15,9E,N932XJ,2909,JFK,RIC,61,288,19,32
2013,8,19,1539,-6,1846,-20,DL,N911DL,1982,LGA,MIA,154,1096,15,39
2013,12,3,553,-7,845,-4,B6,N590JB,353,JFK,PBI,147,1028,5,53
2013,5,7,1327,32,1616,34,B6,N793JB,141,JFK,PBI,145,1028,13,27
2013,9,24,2248,-2,6,-1,B6,N324JB,2002,JFK,BUF,51,301,22,48
2013,10,15,1255,-2,1523,-39,UA,N39416,1158,EWR,MIA,132,1085,12,55
2013,11,21,935,10,1226,-15,UA,N415UA,308,EWR,MIA,146,1085,9,35
2013,9,11,626,-9,816,-17,US,N567UW,2023,EWR,CLT,74,529,6,26
2013,11,29,1539,-6,1828,-37,AA,N3DBAA,1156,LGA,DFW,194,1389,15,39
2013,4,7,1403,8,1644,-1,B6,N562JB,1783,JFK,MCO,133,944,14,3
2013,6,29,647,3,748,-22,UA,N37437,1171,EWR,ORD,100,719,6,47
2013,11,27,1610,25,1829,19,MQ,N674MQ,2963,JFK,CVG,103,589,16,10
2013,11,25,1145,15,1311,-15,EV,N612QX,5373,LGA,GSO,69,461,11,45
2013,4,22,1827,-3,2044,-16,WN,N937WN,1545,EWR,MSY,168,1167,18,27
2013,10,2,1243,-6,1344,-8,B6,N258JB,1318,JFK,BOS,41,187,12,43
2013,12,17,1445,0,1830,21,UA,N589UA,841,JFK,LAX,344,2475,14,45
2013,3,26,1101,1,1357,-1,UA,N79279,1143,EWR,PBI,158,1023,11,1
2013,7,4,1847,-8,2145,-30,VX,N623VA,29,JFK,SFO,329,2586,18,47
2013,3,3,1549,19,1716,-9,AA,N487AA,2223,LGA,STL,123,888,15,49
2013,5,8,1005,10,1131,-9,AA,N4XRAA,319,LGA,ORD,94,733,10,5
2013,10,30,803,-7,928,-27,MQ,N831MQ,3272,LGA,CLE,68,419,8,3
2013,8,19,1456,-4,1727,-23,AA,N4XTAA,883,EWR,DFW,179,1372,14,56
2013,6,15,1520,25,1927,22,AA,N5FMAA,1635,JFK,SJU,201,1598,15,20
2013,8,22,1525,115,1723,111,EV,N13956,4395,EWR,IND,98,645,15,25
2013,6,13,2225,95,126,94,UA,N436UA,205,EWR,AUS,191,1504,22,25
2013,2,1,640,-5,850,4,US,N560UW,926,EWR,CLT,95,529,6,40
2013,1,18,2034,9,2329,-2,UA,N494UA,299,EWR,DFW,193,1372,20,34
2013,1,4,1309,-6,1500,-5,US,N560UW,1615,EWR,CLT,88,529,13,9
2013,7,11,640,40,730,30,US,N738US,2114,LGA,BOS,36,184,6,40
2013,3,30,836,-9,1030,-27,US,N749US,1429,LGA,CLT,81,544,8,36
2013,2,10,1109,-5,1257,-18,DL,N348NB,1031,LGA,DTW,85,502,11,9
2013,11,2,1650,40,1948,27,9E,N601LR,3516,LGA,DFW,204,1389,16,50
2013,3,3,956,-3,1233,-22,UA,N458UA,709,EWR,MCO,139,937,9,56
2013,6,21,1139,-6,1307,-13,AA,N467AA,1855,LGA,STL,120,888,11,39
2013,5,22,830,-6,953,6,B6,N306JB,1172,EWR,BOS,44,200,8,30
2013,7,10,1449,1,1741,-4,UA,N35271,1200,EWR,SAN,325,2425,14,49
2013,1,23,1413,-7,1628,8,MQ,N508MQ,4588,LGA,MSP,168,1020,14,13
2013,3,15,1531,2,1753,20,EV,N12136,4667,EWR,MSP,177,1008,15,31
2013,1,21,829,-6,1141,-9,AA,N3FXAA,717,LGA,DFW,231,1389,8,29
2013,4,18,1119,204,1240,200,MQ,N512MQ,3737,EWR,ORD,102,719,11,19
2013,2,27,943,78,1059,74,MQ,N858MQ,4418,JFK,DCA,54,213,9,43
2013,11,9,1340,-5,1617,7,WN,N247WN,1611,LGA,DEN,253,1620,13,40
2013,2,12,1953,-7,2145,8,EV,N13979,4106,EWR,GSO,84,445,19,53
2013,6,28,1459,0,1754,-33,DL,N1602,161,JFK,SEA,325,2422,14,59
2013,3,13,1927,2,2227,-9,B6,N504JB,147,JFK,RSW,157,1074,19,27
2013,11,21,1248,-2,1406,-9,WN,N7730A,144,LGA,MKE,115,738,12,48
2013,4,23,802,-8,1121,-2,DL,N350NA,1271,JFK,FLL,158,1069,8,2
2013,6,19,1731,2,2059,4,VX,N626VA,193,EWR,SFO,355,2565,17,31
2013,3,3,1233,-3,1418,-15,EV,N13949,4135,EWR,CLT,83,529,12,33
2013,8,8,2122,82,16,61,AA,N3AMAA,1709,LGA,MIA,139,1096,21,22
2013,1,17,1839,39,2050,44,US,N521UW,373,JFK,CLT,106,541,18,39
2013,9,29,655,-5,942,-28,DL,N375DA,1415,JFK,SLC,263,1990,6,55
2013,3,4,1732,2,2018,21,F9,N203FR,797,LGA,DEN,230,1620,17,32
2013,12,17,1102,3,1321,8,EV,N740EV,4880,LGA,MEM,151,963,11,2
2013,12,6,2246,-4,12,4,B6,N231JB,2002,JFK,BUF,65,301,22,46
2013,3,20,1335,-10,1435,-18,9E,N8933B,3638,JFK,PHL,30,94,13,35
2013,5,22,1444,-6,1738,-8,B6,N294JB,629,JFK,HOU,202,1428,14,44
2013,1,3,1228,-7,1503,-63,DL,N389DA,2174,JFK,SLC,260,1990,12,28
2013,8,5,1842,27,2004,19,WN,N713SW,2603,LGA,BNA,111,764,18,42
2013,3,12,1331,1,1626,-14,AA,N3ELAA,753,LGA,DFW,210,1389,13,31
2013,7,23,1848,103,2130,70,AA,N3FAAA,1999,EWR,MIA,140,1085,18,48
2013,3,24,1648,-4,1747,-19,B6,N306JB,1176,EWR,BOS,37,200,16,48
2013,11,1,1014,44,1205,70,WN,N375SW,124,LGA,MDW,120,725,10,14
2013,10,12,826,11,1050,-4,DL,N664DN,1429,JFK,LAS,294,2248,8,26
2013,3,2,1304,-4,1518,-23,FL,N978AT,348,LGA,ATL,107,762,13,4
2013,10,5,1756,-4,2034,-30,B6,N588JB,359,JFK,BUR,327,2465,17,56
2013,11,22,1401,16,1707,12,AA,N3FCAA,1151,LGA,DFW,218,1389,14,1
2013,7,21,812,20,927,14,B6,N249JB,2702,JFK,BUF,55,301,8,12
2013,8,17,945,-10,1052,-23,MQ,N535MQ,3670,LGA,BNA,102,764,9,45
2013,5,21,1354,-6,1450,-16,US,N948UW,2130,LGA,BOS,35,184,13,54
2013,4,17,1658,-2,2029,-31,DL,N374DA,329,JFK,SJU,186,1598,16,58
2013,7,2,1438,-7,1552,-39,EV,N753EV,5483,LGA,BGR,54,378,14,38
2013,9,5,1246,-10,1437,-44,EV,N34111,4682,EWR,MSY,154,1167,12,46
2013,3,1,606,-4,749,-29,EV,N614QX,4963,EWR,MSP,140,1008,6,6
2013,8,1,1430,0,1558,-12,EV,N13903,4596,EWR,STL,126,872,14,30
2013,9,5,625,-5,838,5,EV,N11165,4535,EWR,MSP,160,1008,6,25
2013,10,21,919,-7,1152,-33,UA,N469UA,497,EWR,PBI,138,1023,9,19
2013,12,10,1855,115,2032,112,WN,N719SW,2960,LGA,BNA,139,764,18,55
2013,5,23,804,34,1045,-5,AA,N327AA,33,JFK,LAX,319,2475,8,4
2013,11,12,1558,-2,1901,20,DL,N974DL,847,LGA,ATL,131,762,15,58
2013,6,3,2010,166,2210,161,EV,N22909,3821,EWR,DTW,89,488,20,10
2013,4,15,728,-3,1110,0,B6,N796JB,643,JFK,SFO,377,2586,7,28
2013,9,8,1830,1,2021,-12,US,N551UW,425,JFK,CLT,79,541,18,30
2013,3,10,1300,10,1617,13,B6,N607JB,1065,JFK,AUS,234,1521,13,0
2013,12,29,2150,215,2316,207,9E,N914XJ,2903,JFK,BOS,40,187,21,50
2013,1,4,708,-7,1035,-5,UA,N525UA,799,JFK,SFO,342,2586,7,8
2013,4,5,1208,-7,1318,-11,UA,N77430,1605,EWR,BOS,38,200,12,8
2013,2,20,1757,-3,1937,1,UA,N421UA,691,LGA,ORD,117,733,17,57
2013,10,10,734,-6,843,-17,MQ,N5PBMQ,3759,EWR,ORD,98,719,7,34
2013,6,23,726,-4,907,-23,DL,N982DL,831,LGA,DTW,76,502,7,26
2013,10,19,1245,-5,1342,-18,AA,N3AAAA,178,JFK,BOS,35,187,12,45
2013,8,28,1958,18,2331,36,B6,N570JB,161,JFK,SMF,323,2521,19,58
2013,8,15,742,-10,902,-11,B6,N328JB,2702,JFK,BUF,58,301,7,42
2013,4,21,1810,15,1941,11,WN,N206WN,3962,LGA,MDW,112,725,18,10
2013,4,18,1903,97,2018,88,UA,N17229,1064,EWR,BOS,41,200,19,3
2013,2,26,1248,13,1424,9,MQ,N821MQ,4404,JFK,RDU,75,427,12,48
2013,12,13,648,-7,825,-7,UA,N432UA,681,EWR,ORD,129,719,6,48
2013,4,19,817,-3,947,7,MQ,N537MQ,4655,LGA,BNA,129,764,8,17
2013,12,24,1500,0,1718,-12,MQ,N535MQ,3669,LGA,ATL,120,762,15,0
2013,6,4,1834,0,2135,-14,UA,N39423,1152,EWR,PDX,323,2434,18,34
2013,6,6,1325,-4,1459,-5,MQ,N8EGMQ,4605,LGA,RDU,70,431,13,25
2013,5,13,1201,-9,1450,-39,UA,N505UA,394,JFK,SFO,326,2586,12,1
2013,6,12,1454,-1,1739,-13,UA,N842UA,699,EWR,SAN,318,2425,14,54
2013,5,2,1300,-5,1433,-4,EV,N13538,4373,EWR,GSO,71,445,13,0
2013,4,28,1724,-4,2007,-11,UA,N492UA,421,EWR,IAH,206,1400,17,24
2013,4,5,904,-6,1214,16,B6,N556JB,517,EWR,MCO,159,937,9,4
2013,11,28,1105,5,1335,5,WN,N279WN,110,LGA,DEN,236,1620,11,5
2013,7,9,1808,69,2200,160,DL,N301DQ,2042,EWR,ATL,104,746,18,8
2013,2,22,855,-5,1224,-3,DL,N703TW,120,JFK,LAX,348,2475,8,55
2013,9,11,1602,-3,1934,16,DL,N3752,706,JFK,AUS,195,1521,16,2
2013,1,29,1324,-6,1727,47,AA,N3FTAA,753,LGA,DFW,284,1389,13,24
2013,3,25,723,-6,1029,3,B6,N508JB,361,LGA,PBI,151,1035,7,23
2013,6,10,1109,69,1354,40,UA,N554UA,642,JFK,SFO,329,2586,11,9
2013,9,27,1856,1,2210,10,VX,N631VA,169,EWR,LAX,328,2454,18,56
2013,5,17,825,-5,950,-25,9E,N908XJ,3521,JFK,ORD,119,740,8,25
2013,4,16,1703,-6,1850,-3,EV,N29917,4202,EWR,STL,145,872,17,3
2013,10,22,609,-6,807,-4,US,N563UW,1772,JFK,CLT,90,541,6,9
2013,3,23,1415,0,1646,16,DL,N301NB,935,EWR,ATL,121,746,14,15
2013,5,14,2113,-7,2317,-41,B6,N298JB,619,JFK,JAX,108,828,21,13
2013,8,27,641,-4,815,-53,US,N549UW,623,JFK,PHX,254,2153,6,41
2013,10,12,747,-3,855,-25,UA,N464UA,279,EWR,ORD,93,719,7,47
2013,8,11,1454,14,1624,19,EV,N827AS,5713,LGA,IAD,50,229,14,54
2013,6,27,1419,30,1525,21,B6,N267JB,118,JFK,BOS,39,187,14,19
2013,8,21,900,0,1056,-30,EV,N741EV,5109,LGA,CHS,93,641,9,0
2013,10,17,1453,-7,1556,-15,US,N954UW,2152,LGA,BOS,37,184,14,53
2013,7,19,1714,36,1824,13,EV,N14116,4300,EWR,RIC,52,277,17,14
2013,10,6,1734,-8,1936,-4,EV,N15983,4382,EWR,DTW,82,488,17,34
2013,2,27,1519,27,1709,14,DL,N947DL,1231,LGA,DTW,74,502,15,19
2013,8,20,2043,32,2315,21,UA,N76516,1416,EWR,IAH,198,1400,20,43
2013,2,5,2317,78,10,70,EV,N11107,4519,EWR,BWI,33,169,23,17
2013,5,28,1255,-5,1423,-12,MQ,N827MQ,4404,JFK,RDU,68,427,12,55
2013,7,21,1328,-2,1628,-10,B6,N632JB,431,LGA,SRQ,148,1047,13,28
2013,12,27,1452,6,1804,11,B6,N630JB,325,JFK,TPA,170,1005,14,52
2013,11,7,2044,84,2334,92,9E,N916XJ,2925,JFK,MSY,190,1182,20,44
2013,1,7,1634,-1,1753,-17,MQ,N510MQ,3695,EWR,ORD,112,719,16,34
2013,12,19,1604,8,1912,-2,B6,N624JB,1801,JFK,FLL,158,1069,16,4
2013,9,19,1354,-6,1455,-12,US,N967UW,2150,LGA,BOS,36,184,13,54
2013,1,22,705,0,1033,12,B6,N805JB,981,JFK,FLL,179,1069,7,5
2013,12,15,1940,10,2210,13,DL,N981AT,377,EWR,ATL,117,746,19,40
2013,6,13,654,-6,859,24,AA,N568AA,305,LGA,ORD,115,733,6,54
2013,2,5,525,0,816,-4,UA,N36272,1018,EWR,IAH,201,1400,5,25
2013,6,9,1756,-3,1936,-15,UA,N39728,1053,EWR,CLE,67,404,17,56
2013,8,9,1457,-2,1744,-24,UA,N87512,1587,EWR,RSW,142,1068,14,57
2013,6,11,811,-9,1010,-32,9E,N8974C,4248,JFK,CHS,96,636,8,11
2013,4,11,1800,125,2032,158,EV,N21537,4352,EWR,CVG,107,569,18,0
2013,8,3,1918,48,2142,45,9E,N8928A,3615,JFK,IND,109,665,19,18
2013,6,19,1820,0,2035,-17,9E,N937XJ,3542,JFK,MSP,153,1029,18,20
2013,8,9,2005,100,2328,115,UA,N490UA,236,EWR,MIA,157,1085,20,5
2013,12,26,1224,175,1320,143,EV,N611QX,5286,LGA,BTV,39,258,12,24
2013,12,14,811,-4,1035,1,9E,N908XJ,2921,JFK,MSP,163,1029,8,11
2013,9,26,1642,-3,1945,-30,B6,N768JB,415,JFK,SFO,340,2586,16,42
2013,4,9,919,19,1058,20,UA,N430UA,544,LGA,ORD,126,733,9,19
2013,11,29,1034,5,1307,-23,UA,N482UA,475,EWR,IAH,196,1400,10,34
2013,7,22,1131,-4,1346,5,DL,N349NW,2219,LGA,MSP,145,1020,11,31
2013,3,6,1304,14,1556,6,B6,N508JB,85,JFK,FLL,154,1069,13,4
2013,4,22,28,93,141,90,B6,N324JB,30,JFK,ROC,47,264,0,28
2013,2,28,1607,-3,1803,7,EV,N722EV,5486,LGA,PIT,59,335,16,7
2013,11,26,838,-5,1037,-14,US,N700UW,2071,LGA,CLT,103,544,8,38
2013,8,2,2050,-10,2138,-32,US,N957UW,2164,LGA,BOS,36,184,20,50
2013,5,4,1852,-3,2035,-21,US,N119US,1491,LGA,CLT,81,544,18,52
2013,3,8,2035,60,2302,55,EV,N17560,4333,EWR,TUL,181,1215,20,35
2013,2,20,2033,93,2150,95,US,N767UW,2187,LGA,DCA,45,214,20,33
2013,12,10,1334,34,1634,54,DL,N980DL,781,LGA,ATL,134,762,13,34
2013,11,16,908,-2,1029,4,B6,N228JB,1634,JFK,BTV,49,266,9,8
2013,9,12,1955,330,2236,335,UA,N445UA,833,EWR,LAS,298,2227,19,55
2013,8,6,1451,-4,1645,-16,9E,N824AY,4120,JFK,CLE,70,425,14,51
2013,1,1,753,-2,1056,-14,AA,N3HMAA,2267,LGA,MIA,157,1096,7,53
2013,1,30,1301,2,1428,-8,UA,N67134,1249,EWR,ORD,126,719,13,1
2013,8,14,1453,-2,1807,19,UA,N569UA,423,EWR,FLL,170,1065,14,53
2013,12,21,743,-2,1123,23,AA,N3JWAA,1111,LGA,DFW,223,1389,7,43
2013,11,9,1156,-4,1259,-9,B6,N184JB,316,JFK,SYR,42,209,11,56
2013,3,12,809,-1,1204,-11,AA,N5FRAA,655,JFK,STT,196,1623,8,9
2013,8,21,1637,79,1858,76,EV,N12552,4377,EWR,JAX,118,820,16,37
2013,7,1,2034,4,2227,-18,9E,N8745B,4033,LGA,TYS,98,647,20,34
2013,4,9,1447,12,1735,-3,B6,N203JB,347,JFK,SRQ,152,1041,14,47
2013,8,19,1919,-3,2030,-26,UA,N16217,1703,EWR,BOS,42,200,19,19
2013,5,25,1440,11,1619,0,DL,N721TW,1170,JFK,PIT,61,340,14,40
2013,3,22,1805,5,2030,-5,DL,N617DL,1047,LGA,ATL,115,762,18,5
2013,1,3,1604,16,1855,25,DL,N3748Y,95,JFK,ATL,129,760,16,4
2013,10,10,1453,-2,1746,-13,DL,N326NB,1935,LGA,TPA,136,1010,14,53
2013,3,7,1900,0,2210,-16,DL,N914DL,2190,JFK,MIA,138,1089,19,0
2013,10,24,632,-8,908,1,B6,N615JB,211,JFK,LAS,304,2248,6,32
2013,11,25,1627,-5,1939,-35,UA,N37437,1284,EWR,SFO,345,2565,16,27
2013,6,16,552,-8,814,-21,B6,N645JB,517,EWR,MCO,120,937,5,52
2013,6,24,1156,-4,1300,-33,UA,N824UA,255,LGA,ORD,106,733,11,56
2013,9,21,651,-4,902,-18,AA,N5CDAA,1263,JFK,LAS,288,2248,6,51
2013,9,25,903,8,1151,-5,UA,N409UA,207,LGA,IAH,184,1416,9,3
2013,1,26,759,-11,1020,-6,DL,N946DL,2119,LGA,MSP,165,1020,7,59
2013,6,4,829,-7,935,-12,B6,N193JB,1172,EWR,BOS,37,200,8,29
2013,11,15,656,-3,954,-11,UA,N87513,1299,EWR,RSW,164,1068,6,56
2013,2,21,608,-2,706,-4,WN,N484WN,589,EWR,BWI,35,169,6,8
2013,1,29,759,-1,1133,-7,WN,N961WN,1558,EWR,PHX,314,2133,7,59
2013,7,23,1839,83,2037,109,B6,N355JB,408,JFK,PWM,45,273,18,39
2013,6,21,1935,35,2301,31,DL,N703TW,1643,JFK,SEA,315,2422,19,35
2013,12,17,2054,114,2223,125,US,N770UW,2193,LGA,DCA,49,214,20,54
2013,8,11,100,360,318,335,DL,N3750D,2454,JFK,DEN,236,1626,1,0
2013,9,6,1859,-1,2122,-10,DL,N908DL,947,LGA,ATL,102,762,18,59
2013,4,25,1144,-1,1415,35,MQ,N542MQ,4646,LGA,MSP,137,1020,11,44
2013,6,3,1018,-1,1132,4,B6,N238JB,1004,JFK,BOS,46,187,10,18
2013,7,28,1703,-10,2035,76,EV,N18114,4678,EWR,MSP,144,1008,17,3
2013,3,30,1827,-1,2036,-32,UA,N455UA,661,EWR,PHX,291,2133,18,27
2013,12,13,559,-1,908,-7,AA,N3AWAA,1103,LGA,DFW,222,1389,5,59
2013,8,14,655,-5,959,-10,DL,N932DL,1879,LGA,FLL,154,1076,6,55
2013,9,22,1232,-3,1447,-16,UA,N76522,1605,EWR,LAS,296,2227,12,32
2013,1,8,849,-8,1222,13,UA,N446UA,714,EWR,MIA,165,1085,8,49
2013,10,16,1648,18,2001,-9,VX,N841VA,27,JFK,SFO,347,2586,16,48
2013,5,28,1124,-5,1347,-18,UA,N16217,1605,EWR,LAS,306,2227,11,24
2013,12,27,1517,5,1651,1,EV,N16559,4552,EWR,GSO,73,445,15,17
2013,8,19,1417,-8,1548,-27,EV,N753EV,4949,LGA,GSO,73,461,14,17
2013,9,20,624,-5,857,-32,AA,N3FTAA,1205,EWR,MIA,132,1085,6,24
2013,3,21,754,-6,1007,3,B6,N339JB,1273,JFK,CHS,103,636,7,54
2013,3,13,1738,0,2002,-2,FL,N944AT,806,LGA,ATL,113,762,17,38
2013,8,23,527,-3,752,-9,UA,N73251,1545,EWR,IAH,180,1400,5,27
2013,7,2,1835,15,2107,54,UA,N33714,1177,EWR,ORD,113,719,18,35
2013,11,21,2153,-6,2253,-14,9E,N272PQ,3525,LGA,SYR,38,198,21,53
2013,2,22,600,0,716,-7,B6,N323JB,208,JFK,BUF,57,301,6,0
2013,6,28,144,284,359,280,DL,N913DE,1247,LGA,ATL,107,762,1,44
2013,4,1,2032,49,2149,56,EV,N22909,4312,EWR,DCA,54,199,20,32
2013,3,14,715,0,1042,-3,AA,N631AA,443,JFK,MIA,162,1089,7,15
2013,10,14,1718,23,1824,4,WN,N482WN,2988,LGA,MDW,107,725,17,18
2013,9,13,1105,160,1254,145,US,N171US,1831,JFK,CLT,83,541,11,5
2013,3,25,1925,-4,2243,-4,DL,N361NB,1433,LGA,RSW,168,1080,19,25
2013,7,25,1928,-4,2221,-7,B6,N597JB,225,JFK,TPA,143,1005,19,28
2013,7,29,1550,-10,1718,0,US,N951UW,2134,LGA,BOS,31,184,15,50
2013,11,2,1052,-8,1213,-1,US,N952UW,2177,LGA,DCA,50,214,10,52
2013,3,26,1633,-2,1846,-15,US,N653AW,656,EWR,PHX,291,2133,16,33
2013,11,16,1040,-6,1209,-18,EV,N21129,4662,EWR,RDU,65,416,10,40
2013,1,17,1753,18,1946,24,B6,N284JB,1111,JFK,RDU,87,427,17,53
2013,5,24,1113,13,1313,10,EV,N615QX,5596,LGA,MEM,134,963,11,13
2013,3,15,910,0,1148,-25,DL,N331NW,1885,LGA,MCO,131,950,9,10
2013,5,9,1655,26,1936,-12,UA,N575UA,378,EWR,SFO,321,2565,16,55
2013,4,8,1709,8,1947,-23,UA,N77261,1633,EWR,MIA,144,1085,17,9
2013,2,13,1235,-10,1351,-15,EV,N14116,3263,EWR,RIC,57,277,12,35
2013,7,13,1822,97,1924,68,9E,N8751D,4013,JFK,PHL,27,94,18,22
2013,4,16,1251,1,1529,-6,WN,N270WN,1791,EWR,HOU,203,1411,12,51
2013,5,17,1954,174,2233,142,DL,N325NB,706,JFK,AUS,203,1521,19,54
2013,6,15,1816,-4,2022,-27,DL,N342NB,926,EWR,ATL,100,746,18,16
2013,3,17,1522,-8,1714,-11,AA,N573AA,2223,LGA,STL,144,888,15,22
2013,3,12,624,-6,752,-18,EV,N25134,4118,EWR,RDU,71,416,6,24
2013,9,12,1300,0,1655,65,AA,N3HXAA,1145,LGA,DFW,180,1389,13,0
2013,5,19,746,-14,1044,-22,B6,N505JB,553,EWR,RSW,145,1068,7,46
2013,8,10,1732,32,1935,15,9E,N918XJ,3448,JFK,CVG,90,589,17,32
2013,12,30,648,-7,1003,-8,DL,N969DL,1879,LGA,FLL,157,1076,6,48
2013,3,10,1600,5,1856,-5,DL,N3762Y,91,JFK,LAS,313,2248,16,0
2013,12,14,909,9,1212,44,FL,N996AT,348,LGA,ATL,129,762,9,9
2013,7,26,2015,45,2326,47,DL,N317US,1854,LGA,FLL,138,1076,20,15
2013,9,21,1625,10,1908,-7,AA,N3BMAA,65,JFK,DFW,200,1391,16,25
2013,4,1,724,-6,1052,-18,VX,N843VA,11,JFK,SFO,376,2586,7,24
2013,10,19,1844,-6,2148,-12,AA,N3FKAA,119,EWR,LAX,324,2454,18,44
2013,8,8,1537,17,1936,102,UA,N573UA,646,EWR,IAH,205,1400,15,37
2013,6,14,1918,-2,2219,21,UA,N36447,1182,EWR,LAS,305,2227,19,18
2013,6,4,1458,-7,1642,12,MQ,N510MQ,3823,JFK,DCA,54,213,14,58
2013,6,20,1651,-4,1925,-25,AA,N502AA,1507,EWR,DFW,181,1372,16,51
2013,6,11,655,-5,1016,10,DL,N908DE,2003,LGA,MIA,172,1096,6,55
2013,8,17,728,-7,936,-29,AA,N3JVAA,1949,JFK,LAS,284,2248,7,28
2013,10,21,1111,-4,1249,-11,EV,N611QX,5273,LGA,PIT,56,335,11,11
2013,6,12,2109,24,2252,-16,9E,N920XJ,3433,JFK,CVG,85,589,21,9
2013,1,16,2150,130,2317,131,9E,N8943A,4091,JFK,BWI,43,184,21,50
2013,7,2,910,-5,1127,-14,EV,N614QX,5109,LGA,CHS,117,641,9,10
2013,2,18,2149,-10,2244,-32,DL,N360NW,2282,LGA,PWM,39,269,21,49
2013,3,15,1635,30,1808,18,EV,N760EV,5486,LGA,PIT,57,335,16,35
2013,4,4,1315,25,1627,39,B6,N580JB,85,JFK,FLL,167,1069,13,15
2013,1,17,1058,-2,1245,-15,WN,N431WN,1873,LGA,STL,146,888,10,58
2013,11,28,1834,64,2144,58,B6,N625JB,359,JFK,BUR,354,2465,18,34
2013,9,13,1936,-4,2335,43,B6,N766JB,161,JFK,SMF,316,2521,19,36
2013,3,18,1019,-1,1433,63,AA,N3DDAA,731,LGA,DFW,218,1389,10,19
2013,5,30,623,-7,758,-13,EV,N11536,4334,EWR,CMH,68,463,6,23
2013,10,20,1704,4,1958,-12,UA,N574UA,617,EWR,SFO,335,2565,17,4
2013,11,16,726,-4,1159,-21,B6,N651JB,1289,EWR,SJU,192,1608,7,26
2013,10,7,1532,212,1802,285,US,N740UW,2179,LGA,DCA,53,214,15,32
2013,11,5,1508,248,1843,276,DL,N3737C,1275,JFK,SLC,293,1990,15,8
2013,5,29,1437,-3,1700,15,DL,N969DL,1819,LGA,MSP,180,1020,14,37
2013,10,17,625,-5,905,-9,B6,N535JB,1099,LGA,MCO,133,950,6,25
2013,12,12,820,-9,1107,12,EV,N14171,4419,EWR,XNA,176,1131,8,20
2013,11,25,1153,-1,1423,14,EV,N14977,4567,EWR,MCI,187,1092,11,53
2013,10,23,1118,-10,1204,-26,B6,N239JB,2380,EWR,BOS,34,200,11,18
2013,12,27,2049,58,2341,42,UA,N33714,1611,EWR,IAH,213,1400,20,49
2013,2,3,613,14,1008,38,UA,N502UA,691,JFK,SFO,367,2586,6,13
2013,9,27,1410,-7,1648,2,UA,N804UA,587,EWR,LAS,304,2227,14,10
2013,5,9,1505,80,1618,73,WN,N944WN,2226,LGA,MDW,105,725,15,5
2013,6,6,1109,-2,1341,-8,UA,N56859,1166,EWR,IAH,193,1400,11,9
2013,6,25,1842,12,2009,-6,AA,N4YPAA,2019,LGA,STL,123,888,18,42
2013,12,5,1444,-1,1800,-9,UA,N595UA,841,JFK,LAX,352,2475,14,44
2013,5,21,1727,7,1941,-40,UA,N37434,1731,EWR,LAS,292,2227,17,27
2013,6,17,1055,-5,1335,-24,DL,N941DL,2445,LGA,MCO,136,950,10,55
2013,12,7,1519,4,1835,1,DL,N709TW,419,JFK,SEA,342,2422,15,19
2013,1,16,1653,-7,1818,-22,MQ,N630MQ,4323,JFK,ORF,63,290,16,53
2013,12,17,624,-1,744,9,B6,N247JB,2180,EWR,BOS,34,200,6,24
2013,10,8,706,-4,1019,19,AA,N5BYAA,2493,JFK,MCO,153,944,7,6
2013,8,1,1124,-1,1414,0,UA,N589UA,703,JFK,LAX,325,2475,11,24
2013,12,21,1953,24,2218,-17,DL,N900DE,1485,LGA,MCO,128,950,19,53
2013,9,10,1449,4,1630,4,9E,N937XJ,3318,JFK,BUF,57,301,14,49
2013,12,19,1206,36,1414,32,DL,N995DL,2219,LGA,MSP,156,1020,12,6
2013,12,13,1822,-7,1955,-18,EV,N615QX,5274,LGA,BNA,116,764,18,22
2013,7,25,658,-2,1012,3,DL,N905DE,1879,LGA,FLL,154,1076,6,58
2013,10,13,1551,-9,1655,-20,US,N959UW,2154,LGA,BOS,35,184,15,51
2013,5,10,928,-1,1220,-21,B6,N793JB,679,JFK,LAX,317,2475,9,28
2013,12,16,2016,107,2208,84,EV,N712EV,5268,LGA,CLT,87,544,20,16
2013,7,6,1709,-1,1940,-35,AA,N327AA,181,JFK,LAX,311,2475,17,9
2013,1,10,557,-3,933,8,UA,N518UA,303,JFK,SFO,371,2586,5,57
2013,5,29,831,-9,940,-32,9E,N910XJ,3300,JFK,DCA,40,213,8,31
2013,3,25,827,23,1026,0,EV,N11150,4157,EWR,OMA,152,1134,8,27
2013,8,13,613,-7,759,-18,EV,N760EV,4963,EWR,MSP,147,1008,6,13
2013,6,29,1002,-3,1117,-3,MQ,N519MQ,3611,EWR,ORD,103,719,10,2
2013,6,8,953,-7,1217,-3,MQ,N517MQ,4654,LGA,ATL,116,762,9,53
2013,7,23,1202,29,1508,17,UA,N39461,1677,EWR,SFO,327,2565,12,2
2013,12,10,1806,2,2148,23,UA,N37470,1022,EWR,LAX,364,2454,18,6
2013,1,10,1300,0,1453,-13,9E,N8965E,3762,EWR,CVG,95,569,13,0
2013,6,23,1954,-6,2157,30,9E,N8800G,4287,JFK,BWI,36,184,19,54
2013,5,31,2107,-10,2334,-17,B6,N665JB,97,JFK,DEN,231,1626,21,7
2013,6,5,1020,-5,1232,10,US,N655AW,604,EWR,PHX,289,2133,10,20
2013,10,30,1416,136,1542,150,DL,N3760C,2451,JFK,BOS,60,187,14,16
2013,5,6,1146,-5,1419,5,FL,N938AT,347,LGA,ATL,110,762,11,46
2013,3,24,1636,-4,1933,-22,AA,N4XLAA,773,LGA,DFW,216,1389,16,36
2013,5,18,955,-4,1136,-24,US,N760US,1277,LGA,CLT,77,544,9,55
2013,5,10,1730,1,2042,-28,VX,N855VA,193,EWR,SFO,342,2565,17,30
2013,9,1,2013,73,2219,49,DL,N903DE,947,LGA,ATL,105,762,20,13
2013,10,14,844,-1,1018,-12,EV,N758EV,5288,LGA,BUF,59,292,8,44
2013,8,25,1644,71,1932,47,UA,N87531,1556,EWR,SFO,326,2565,16,44
2013,9,22,2020,-5,3,13,B6,N643JB,915,JFK,SFO,358,2586,20,20
2013,6,16,2014,-2,9,10,B6,N760JB,649,JFK,SFO,362,2586,20,14
2013,10,7,1636,6,2020,40,AA,N319AA,181,JFK,LAX,329,2475,16,36
2013,5,26,1149,-11,1304,-10,US,N954UW,2173,LGA,DCA,43,214,11,49
2013,4,10,938,38,1245,20,AA,N328AA,1,JFK,LAX,342,2475,9,38
2013,5,13,1611,-4,1828,-12,MQ,N521MQ,4657,LGA,ATL,106,762,16,11
2013,12,4,1513,-7,1744,-6,MQ,N0EGMQ,3553,LGA,XNA,174,1147,15,13
2013,6,30,804,4,910,1,B6,N258JB,1491,JFK,ACK,44,199,8,4
2013,3,7,1832,3,2110,-4,UA,N26123,1729,EWR,LAS,314,2227,18,32
2013,5,10,2002,62,2135,64,EV,N17984,4191,EWR,BNA,118,748,20,2
2013,4,16,1313,-2,1606,-6,B6,N784JB,431,LGA,SRQ,148,1047,13,13
2013,11,20,1110,-4,1338,-9,UA,N469UA,405,LGA,DEN,223,1620,11,10
2013,2,6,1827,-3,2021,6,MQ,N505MQ,4674,LGA,CLE,73,419,18,27
2013,7,21,1909,14,2313,58,VX,N626VA,29,JFK,SFO,343,2586,19,9
2013,4,23,1657,-3,2019,-6,AA,N320AA,181,JFK,LAX,352,2475,16,57
2013,4,26,1403,53,1634,40,UA,N41135,1641,EWR,MCO,130,937,14,3
2013,2,12,1909,-6,2043,-28,9E,N932XJ,3525,JFK,ORD,123,740,19,9
2013,5,23,1829,-6,2229,16,B6,N524JB,173,JFK,SJC,359,2569,18,29
2013,7,5,1718,-12,1910,-26,DL,N946DL,2331,LGA,DTW,81,502,17,18
2013,8,11,858,-2,1240,44,DL,N705TW,120,JFK,LAX,349,2475,8,58
2013,8,4,1322,-2,1414,-18,US,N951UW,2049,LGA,PHL,30,96,13,22
2013,1,24,849,-6,1049,-12,EV,N12166,4383,EWR,DTW,85,488,8,49
2013,2,7,1130,-5,1308,-22,MQ,N723MQ,4553,LGA,CLE,72,419,11,30
2013,4,12,653,53,849,44,EV,N371CA,5363,LGA,MEM,141,963,6,53
2013,9,20,542,-3,816,-39,AA,N5DDAA,2243,JFK,MIA,133,1089,5,42
2013,3,7,1027,-3,1250,2,DL,N959DN,2343,EWR,ATL,107,746,10,27
2013,3,16,1758,33,1944,49,MQ,N918MQ,4255,JFK,BNA,124,765,17,58
2013,12,5,1948,53,2136,37,US,N194UW,2039,LGA,CLT,88,544,19,48
2013,3,23,33,34,400,22,B6,N806JB,727,JFK,BQN,187,1576,0,33
2013,4,12,856,-4,1028,-10,UA,N431UA,544,LGA,ORD,112,733,8,56
2013,3,28,1009,-6,1304,-16,UA,N566UA,235,LGA,IAH,199,1416,10,9
2013,5,23,1806,51,2211,90,DL,N314NB,1863,JFK,SAT,216,1587,18,6
2013,5,10,1001,1,1334,15,UA,N518UA,642,JFK,SFO,335,2586,10,1
2013,4,29,1602,-8,1743,-17,AA,N553AA,343,LGA,ORD,110,733,16,2
2013,3,22,753,-7,850,-18,US,N959UW,2118,LGA,BOS,36,184,7,53
2013,2,13,1506,11,1836,11,AA,N5FAAA,1769,JFK,MIA,177,1089,15,6
2013,12,19,829,-1,950,-8,9E,N924XJ,2912,JFK,DCA,42,213,8,29
2013,11,21,914,-6,1028,-13,B6,N284JB,586,JFK,ROC,52,264,9,14
2013,4,12,1936,11,2128,6,9E,N929XJ,3525,JFK,ORD,120,740,19,36
2013,8,1,1335,5,1646,21,B6,N585JB,505,EWR,FLL,165,1065,13,35
2013,5,31,1526,-4,1817,-14,DL,N375NC,1935,LGA,TPA,137,1010,15,26
2013,10,28,1445,95,1633,67,EV,N153PQ,5283,LGA,CVG,87,585,14,45
2013,8,26,1820,-10,1935,-40,AA,N439AA,2019,LGA,STL,116,888,18,20
2013,5,9,637,-3,831,-20,EV,N34111,4122,EWR,SDF,100,642,6,37
2013,6,23,1916,51,2115,70,MQ,N517MQ,3134,EWR,ORD,103,719,19,16
2013,11,16,2013,-2,2208,13,MQ,N524MQ,3535,JFK,CMH,78,483,20,13
2013,10,4,1747,-8,1914,-16,MQ,N515MQ,3301,LGA,RDU,65,431,17,47
2013,7,23,2237,127,2346,104,9E,N8936A,4079,JFK,BWI,34,184,22,37
2013,7,7,1627,23,1827,39,EV,N738EV,5432,LGA,BNA,110,764,16,27
2013,10,24,756,-1,1011,-13,UA,N821UA,245,EWR,DEN,234,1605,7,56
2013,3,12,1931,30,2230,24,UA,N73291,1637,EWR,TPA,156,997,19,31
2013,3,21,752,-8,928,11,US,N767UW,2165,LGA,DCA,53,214,7,52
2013,10,29,1029,0,1326,1,UA,N54711,1456,LGA,IAH,213,1416,10,29
2013,9,27,657,-3,945,-23,UA,N38459,1299,EWR,RSW,149,1068,6,57
2013,7,10,1913,112,2214,133,UA,N37281,1497,EWR,IAH,188,1400,19,13
2013,6,22,1417,56,1600,35,EV,N17108,4085,EWR,OMA,146,1134,14,17
2013,4,18,1124,69,1540,124,UA,N458UA,596,EWR,SFO,380,2565,11,24
2013,9,1,2057,-3,2335,-38,DL,N187DN,2363,JFK,LAX,308,2475,20,57
2013,11,12,1340,25,1645,-12,US,N658AW,654,JFK,PHX,284,2153,13,40
2013,12,10,657,-3,1026,15,DL,N327NB,1879,LGA,FLL,176,1076,6,57
2013,11,25,1938,-7,2032,-29,9E,N812AY,2951,JFK,PHL,27,94,19,38
2013,1,29,1810,2,2045,-21,UA,N78285,1269,EWR,PBI,136,1023,18,10
2013,12,11,1252,-8,1346,-24,US,N950UW,2148,LGA,BOS,38,184,12,52
2013,7,26,1925,15,2220,-18,DL,N348NB,1091,JFK,SAT,211,1587,19,25
2013,7,29,556,-4,816,-10,DL,N912DE,461,LGA,ATL,112,762,5,56
2013,9,19,1205,0,1354,-24,UA,N34282,1625,EWR,DEN,211,1605,12,5
2013,10,5,1527,-3,1816,-27,UA,N518UA,841,JFK,LAX,323,2475,15,27
2013,7,24,755,0,915,-15,AA,N556AA,309,LGA,ORD,112,733,7,55
2013,4,21,1949,-1,2247,-24,DL,N966DL,1854,LGA,FLL,158,1076,19,49
2013,6,17,1331,30,1438,27,EV,N13538,4129,EWR,DCA,43,199,13,31
2013,11,12,1952,67,2149,83,EV,N716EV,5274,LGA,BNA,106,764,19,52
2013,11,22,534,-6,829,-21,AA,N5BYAA,2243,JFK,MIA,149,1089,5,34
2013,6,10,640,-4,746,-25,UA,N496UA,371,EWR,ORD,108,719,6,40
2013,11,7,2222,32,2326,15,EV,N13964,3846,EWR,ROC,43,246,22,22
2013,2,23,1429,-2,1647,15,EV,N29917,4229,EWR,CHS,110,628,14,29
2013,10,2,629,0,920,-9,AA,N3HSAA,1205,EWR,MIA,141,1085,6,29
2013,12,24,1902,-3,2113,-46,9E,N905XJ,2925,JFK,MSY,169,1182,19,2
2013,8,4,1817,-8,2137,11,DL,N3745B,2370,LGA,PBI,130,1035,18,17
2013,1,17,1835,-5,2037,-12,DL,N353NW,2131,LGA,DTW,92,502,18,35
2013,3,31,1425,-1,1651,-2,DL,N327NW,1705,LGA,MSY,176,1183,14,25
2013,7,5,1415,-5,1551,-29,MQ,N506MQ,3588,LGA,MSP,139,1020,14,15
2013,3,24,1954,74,2119,67,B6,N236JB,130,JFK,BUF,54,301,19,54
2013,8,5,724,-1,835,-10,WN,N270WN,463,EWR,BNA,111,748,7,24
2013,9,23,909,8,1102,-8,EV,N13978,4087,EWR,IND,97,645,9,9
2013,6,7,1832,3,2141,68,US,N508AY,297,JFK,CLT,112,541,18,32
2013,7,23,1406,11,1720,90,MQ,N9EAMQ,3567,LGA,CLT,77,544,14,6
2013,9,26,1506,24,1709,31,EV,N710EV,4949,LGA,GSO,72,461,15,6
2013,3,3,1821,-4,2210,27,UA,N16709,1621,EWR,SNA,360,2434,18,21
2013,1,9,1510,1,1739,-2,EV,N16559,3817,EWR,JAX,129,820,15,10
2013,12,11,1353,-2,1554,4,MQ,N6EAMQ,3340,LGA,DTW,92,502,13,53
2013,5,20,2237,49,36,37,EV,N16559,3834,EWR,SDF,99,642,22,37
2013,3,3,1613,33,1828,8,DL,N366NB,1344,LGA,MCI,158,1107,16,13
2013,1,26,529,-1,808,-21,UA,N444UA,219,LGA,IAH,201,1416,5,29
2013,2,22,2306,16,31,26,B6,N179JB,30,JFK,ROC,56,264,23,6
2013,4,22,1139,64,1248,51,EV,N21154,4240,EWR,BUF,48,282,11,39
2013,4,5,1731,1,1958,-30,UA,N73406,1743,EWR,IAH,177,1400,17,31
2013,12,5,625,0,752,2,WN,N8620H,1360,LGA,MDW,127,725,6,25
2013,7,14,1200,0,1425,-30,DL,N727TW,863,JFK,LAX,292,2475,12,0
2013,7,23,1251,1,1556,9,DL,N375DA,1375,JFK,SLC,276,1990,12,51
2013,3,3,2012,7,2133,24,EV,N13955,4566,EWR,ALB,31,143,20,12
2013,11,11,1256,-4,1604,-27,DL,N717TW,432,JFK,SFO,347,2586,12,56
2013,4,21,1207,-3,1317,-8,WN,N423WN,1575,EWR,MDW,111,711,12,7
2013,7,9,715,-5,854,-28,EV,N11119,4166,EWR,GSP,81,594,7,15
2013,10,20,1554,-6,1901,-4,AA,N3FWAA,1156,LGA,DFW,211,1389,15,54
2013,7,21,1938,123,2318,150,B6,N638JB,263,JFK,SEA,331,2422,19,38
2013,5,20,833,-8,1026,-13,EV,N17138,4175,EWR,AVL,88,583,8,33
2013,6,7,1803,18,2059,16,DL,N916DL,1585,LGA,MCO,140,950,18,3
2013,6,11,1255,-2,1335,-18,EV,N12922,5968,EWR,BDL,22,116,12,55
2013,1,5,1805,-10,1916,-34,9E,N8501F,4277,JFK,ORF,52,290,18,5
2013,9,25,1358,-1,1647,-7,AA,N3CRAA,1151,LGA,DFW,181,1389,13,58
2013,2,14,1750,30,2140,67,DL,N361NW,1779,LGA,FLL,204,1076,17,50
2013,11,22,1913,18,2109,10,US,N191UW,2039,LGA,CLT,85,544,19,13
2013,12,29,1500,10,1825,30,AA,N467AA,320,EWR,DFW,229,1372,15,0
2013,8,19,2012,32,2239,18,EV,N12195,4204,EWR,OKC,178,1325,20,12
2013,1,23,1557,-3,1907,-26,DL,N981DL,161,JFK,MIA,162,1089,15,57
2013,3,13,1553,-7,1651,-48,UA,N803UA,687,LGA,ORD,103,733,15,53
2013,12,12,854,-6,1027,-9,UA,N810UA,685,LGA,ORD,120,733,8,54
2013,6,8,1456,12,1848,4,B6,N516JB,705,JFK,SJU,205,1598,14,56
2013,5,2,1548,19,1744,-9,UA,N76529,1023,EWR,DEN,207,1605,15,48
2013,9,29,705,10,920,0,AA,N5ENAA,1263,JFK,LAS,287,2248,7,5
2013,9,19,715,5,932,-25,UA,N438UA,289,EWR,MCO,120,937,7,15
2013,4,29,1738,68,1934,43,US,N663AW,140,EWR,PHX,266,2133,17,38
2013,4,24,1657,28,1847,39,EV,N12167,4702,EWR,GSO,72,445,16,57
2013,12,3,1430,5,1703,10,FL,N895AT,1070,LGA,ATL,122,762,14,30
2013,4,4,1604,-4,1805,-10,9E,N935XJ,3436,JFK,RDU,81,427,16,4
2013,4,4,1959,34,2152,28,9E,N604LR,3444,JFK,RDU,79,427,19,59
2013,1,2,624,24,908,43,MQ,N513MQ,4650,LGA,ATL,138,762,6,24
2013,9,28,1054,-1,1325,-28,B6,N640JB,1,JFK,FLL,130,1069,10,54
2013,6,23,2108,68,2240,84,US,N722US,2189,LGA,DCA,44,214,21,8
2013,10,13,1947,17,2244,11,UA,N57439,1466,EWR,TPA,131,997,19,47
2013,2,1,1516,1,1811,6,UA,N76055,53,EWR,IAH,211,1400,15,16
2013,9,16,1114,9,1225,10,MQ,N539MQ,3230,JFK,DCA,55,213,11,14
2013,6,3,1543,-2,1844,21,DL,N378DA,2143,JFK,ATL,102,760,15,43
2013,4,19,603,-2,849,-21,AA,N3BHAA,1837,LGA,MIA,142,1096,6,3
2013,12,8,1456,-6,1731,23,EV,N16546,4144,EWR,CHS,105,628,14,56
2013,7,17,755,3,1033,-8,B6,N329JB,163,JFK,SRQ,140,1041,7,55
2013,10,18,1701,1,1945,0,AA,N5CAAA,45,JFK,LAS,311,2248,17,1
2013,3,26,1052,-8,1332,-38,AA,N3GGAA,739,LGA,DFW,198,1389,10,52
2013,9,12,623,-7,801,-4,AA,N522AA,303,LGA,ORD,118,733,6,23
2013,2,21,1721,16,2021,6,B6,N197JB,15,JFK,FLL,153,1069,17,21
2013,12,11,724,14,927,43,EV,N11548,4522,EWR,BNA,144,748,7,24
2013,1,26,1757,-3,2006,-8,DL,N330NW,2019,LGA,MSP,163,1020,17,57
2013,2,27,554,-6,733,-26,DL,N353NW,731,LGA,DTW,78,502,5,54
2013,3,31,652,-8,937,-34,UA,N77295,1525,EWR,RSW,150,1068,6,52
2013,7,18,837,7,939,-11,AA,N3BNAA,1838,JFK,BOS,36,187,8,37
